región,year,specie,carne,poblacion,produccion,rendimiento
Tumbes,2024,ave,262.9105738675107,183726.0,93692.0,2.806107920031814
Piura,2024,ave,31027.129806463712,3987073.0,13984015.0,2.218756871456657
Lambayeque,2024,ave,25241.8366311639,2510903.0,11388007.0,2.216528005093908
La Libertad,2024,ave,305189.10296292795,25756805.0,138011041.0,2.2113383201353223
Cajamarca,2024,ave,3438.308384112796,899534.0,1551093.0,2.216700457799412
Amazonas,2024,ave,739.2085466699999,1532411.0,360533.0,2.0503233960479617
Ancash,2024,ave,37406.83377511866,2756581.0,16545165.0,2.2608920944001167
Lima,2024,ave,1072413.5399395518,95986273.0,472384881.0,2.2702113955642527
Ica,2024,ave,96390.9758071797,17289061.0,43164575.0,2.233103775414596
Huánuco,2024,ave,1214.55372914402,1750227.0,564447.0,2.151758248965306
Pasco,2024,ave,533.2720182108355,136729.0,243240.0,2.1923661456354933
Junín,2024,ave,9569.44677432933,2560292.0,4331426.0,2.2093060778380957
Huancavelica,2024,ave,913.406979035488,385113.0,430434.0,2.122062070218653
Arequipa,2024,ave,162454.02352085273,18305583.0,72903696.0,2.2283372874163154
Moquegua,2024,ave,180.966245,63294.0,82718.0,2.1877625049112943
Tacna,2024,ave,18179.653542479307,1190149.0,8199657.0,2.217123537104757
Ayacucho,2024,ave,1029.8851383457556,576207.0,461215.0,2.232982356275464
Apurímac,2024,ave,696.7762205681327,304190.0,319420.0,2.1813772525612416
Cusco,2024,ave,3704.912622903674,1204044.0,1663749.0,2.2268460467562483
Puno,2024,ave,2508.22402270274,1549260.0,1193047.0,2.102367378993638
San Martín,2024,ave,37820.09928241369,4907574.0,17093773.0,2.2125074036869465
Loreto,2024,ave,24983.196964125345,4195254.0,11299715.0,2.210958147576058
Ucayali,2024,ave,14537.951839501431,6230589.0,6539334.0,2.2231548393997143
Madre de Dios,2024,ave,8801.352250817006,497838.0,3953185.0,2.226395052600001
Tumbes,2023,ave,232.0550716993151,181330.0,91418.99607810784,2.538368191016325
Piura,2023,ave,30965.58199647492,3987073.0,13887144.5286459,2.22980195335335
Lambayeque,2023,ave,25362.574165382262,2591887.0,11401955.784329852,2.224405588402564
La Libertad,2023,ave,305971.63496581285,25521509.0,137725806.66113016,2.2215998757491118
Cajamarca,2023,ave,3494.907816824102,889358.0,1594438.1007579518,2.1919369683669245
Amazonas,2023,ave,760.2049653484361,1529745.0,357854.2763652968,2.124342268785467
Ancash,2023,ave,37866.30653441015,2627008.0,16615562.742274417,2.278966239167343
Lima,2023,ave,992823.2228870406,92164669.0,436971133.3607748,2.272056772380293
Ica,2023,ave,95972.49888041928,19902381.0,43644691.36392748,2.1989501101098625
Huánuco,2023,ave,1242.685581894155,1756819.0,583119.7591032184,2.131098393587767
Pasco,2023,ave,549.7176773133879,139453.0,249313.6710380004,2.2049239218398093
Junín,2023,ave,9835.53688427492,2568571.0,4421884.130236473,2.2242864341515287
Huancavelica,2023,ave,940.7793002955204,388342.0,439667.6414537573,2.1397510564681124
Arequipa,2023,ave,162115.31496800587,16948124.0,70966379.25968105,2.2843960289250704
Moquegua,2023,ave,183.20841094236715,60446.0,87262.74923361128,2.099503081800684
Tacna,2023,ave,18512.862328639698,1189233.0,8297117.163241193,2.231240316896745
Ayacucho,2023,ave,1013.9557212664728,578129.0,471428.0363139547,2.1508176076978454
Apurímac,2023,ave,712.3697719280494,306580.0,336504.2153149912,2.1169713171682623
Cusco,2023,ave,3693.455784854684,1203466.0,1689771.5803980432,2.185772223713605
Puno,2023,ave,2552.121428455945,1556940.0,1239060.14308882,2.059723608003264
San Martín,2023,ave,37615.11159608275,4755028.0,16607362.38297871,2.2649660270336125
Loreto,2023,ave,25394.19831286516,4190254.0,11458804.12904137,2.2161298881534863
Ucayali,2023,ave,14646.529474516394,6165923.0,6526571.999664369,2.244138190043655
Madre de Dios,2023,ave,9015.898997814682,488634.0,4089963.728583373,2.2043958323653614
Tumbes,2022,ave,242.66,181885.0,94257.6,2.5744343161718524
Piura,2022,ave,32372.31,4946411.0,14666979.0,2.2071559521562008
Lambayeque,2022,ave,26526.58,2267950.0,12038949.6,2.203396548815189
La Libertad,2022,ave,319759.47,25462693.0,143372459.9,2.2302712126375392
Cajamarca,2022,ave,3638.76,887311.0,1684121.0,2.1606286009140674
Amazonas,2022,ave,792.47,1529300.0,373998.0,2.1189150744121625
Ancash,2022,ave,39267.08,2635008.0,17448956.2,2.250397075327635
Lima,2022,ave,976907.95,91713454.0,432052927.9,2.261083971235368
Ica,2022,ave,96667.93,17612888.0,44320106.4,2.1811303684054333
Huánuco,2022,ave,1285.22,1754696.0,614189.9,2.0925449930062348
Pasco,2022,ave,581.14,139821.0,264768.5,2.194898562328978
Junín,2022,ave,10501.71,2568199.0,4720597.1,2.224657130768479
Huancavelica,2022,ave,968.22,388036.0,459984.9,2.1048951824288147
Arequipa,2022,ave,174115.49,18320000.0,77959808.1,2.2334007002256846
Moquegua,2022,ave,190.98,60244.0,91235.3,2.0932687238382512
Tacna,2022,ave,19292.33,1187788.0,8603163.8,2.242469218126476
Ayacucho,2022,ave,1051.0,575566.0,492296.3,2.134893152761863
Apurímac,2022,ave,761.41,306060.0,367079.2,2.074239019808259
Cusco,2022,ave,3861.37,1204237.0,1767781.5,2.184302754610793
Puno,2022,ave,2662.14,1584985.0,1277709.9,2.0835245934934057
San Martín,2022,ave,39409.02,4758423.0,17838694.7,2.209187424458809
Loreto,2022,ave,26244.4,4190254.0,11879965.9,2.2091309201485165
Ucayali,2022,ave,15263.38,6119078.0,6931980.0,2.201878828271288
Madre de Dios,2022,ave,9413.27,487573.0,4273888.4,2.202507206318256
Tumbes,2021,ave,245.5783779036013,180350.0,97536.99724956288,2.517797193153821
Piura,2021,ave,32474.209628233315,3905773.8319528736,14581622.097259056,2.2270642738943
Lambayeque,2021,ave,26085.997252921487,2557740.0,11658327.643096533,2.237541957260764
La Libertad,2021,ave,311654.48137999105,25462693.0,137652736.38500825,2.2640631023004736
Cajamarca,2021,ave,3688.593109280114,890397.0,1734004.9334469102,2.127210273818432
Amazonas,2021,ave,806.6744605378976,1530189.0,380125.9812290415,2.1221239809226384
Ancash,2021,ave,37543.04409449262,2640982.0,16434268.445738625,2.284436585568095
Lima,2021,ave,941312.9500614798,90509068.0,415539953.52395743,2.265276640859059
Ica,2021,ave,97956.89893567978,17230945.0,43909224.00680211,2.230895697917708
Huánuco,2021,ave,1297.5511613873325,1758941.0,612642.6155994651,2.1179577266555163
Pasco,2021,ave,606.5640387538917,139084.0,280390.2102493833,2.163285366541165
Junín,2021,ave,10766.124138942663,2568943.0,4829246.256155073,2.229359110693682
Huancavelica,2021,ave,988.209679877594,388647.0,474946.05059714086,2.080677749894196
Arequipa,2021,ave,167137.55045002452,19026568.0,74273035.20237797,2.250312647040892
Moquegua,2021,ave,197.64612519992065,60647.0,93207.54554383556,2.120494902496575
Tacna,2021,ave,19859.345448489,1190678.0,8829824.08318592,2.2491213031419166
Ayacucho,2021,ave,1072.7714498819612,580691.0,511996.1753775865,2.0952723896634864
Apurímac,2021,ave,793.7862600853093,307099.0,390972.7873176138,2.03028519077074
Cusco,2021,ave,3977.180168969,1202695.0,1845088.578196558,2.155549720467301
Puno,2021,ave,2667.513933969092,1597475.0,1292947.3629430626,2.063126473994411
San Martín,2021,ave,39482.25232531552,4751632.0,17707529.420271695,2.229687235765142
Loreto,2021,ave,26003.13602094476,4190254.0,11710287.816596728,2.220537738115292
Ucayali,2021,ave,15498.822072288089,6213568.0,7107179.635246921,2.1807274991930914
Madre de Dios,2021,ave,9490.926467648482,489694.0,4303100.038171062,2.205602096966909
Tumbes,2020,ave,253.1102703304053,183420.0,100948.6075065078,2.5073180956368137
Piura,2020,ave,32603.80540451303,5987048.0,14541834.941241989,2.2420695556133445
Lambayeque,2020,ave,25696.714779714966,2626033.0,11620616.974909676,2.211303826225173
La Libertad,2020,ave,309576.6100882715,24980325.0,137305162.27900863,2.254661113609127
Cajamarca,2020,ave,3679.7746088091367,887067.0,1742873.6501045711,2.111326089867933
Amazonas,2020,ave,816.724773458187,1528411.0,394488.31109673815,2.0703396031876498
Ancash,2020,ave,37251.834545703845,2628030.0,16264594.795912124,2.2903635173909507
Lima,2020,ave,920320.7235880472,73917840.0,392726284.4005085,2.3434151472517417
Ica,2020,ave,96610.45147573104,16978545.0,44486452.463457584,2.171682526384624
Huánuco,2020,ave,1319.7059523321002,1750450.0,635672.4464906651,2.076078583581458
Pasco,2020,ave,627.7016336657034,140558.0,293306.405108657,2.140088394705079
Junín,2020,ave,11113.075539816226,2567455.0,4976720.492687145,2.2330117908260902
Huancavelica,2020,ave,1003.8846890826404,387425.0,493340.9522641999,2.034869970707455
Arequipa,2020,ave,163506.8449343247,16305432.0,73941193.13366662,2.211309258139052
Moquegua,2020,ave,200.33395633076947,59840.0,97080.22229715988,2.0635918582628783
Tacna,2020,ave,20025.962454030872,1184898.0,8739392.763085745,2.291459257743671
Ayacucho,2020,ave,1096.7099079330526,570441.0,531687.409329626,2.062696781396104
Apurímac,2020,ave,812.5282713565921,305020.0,405983.8220071995,2.0013809105481624
Cusco,2020,ave,4016.74085828318,1205779.0,1865477.4692865205,2.1531971971869712
Puno,2020,ave,2684.212833217919,1699105.0,1341815.93998365,2.000432960462988
San Martín,2020,ave,39499.354735434674,4565213.0,17962884.943224095,2.19894270103503
Loreto,2020,ave,26127.555822593236,4190254.0,11814050.380374951,2.211566311414697
Ucayali,2020,ave,15240.625402129468,5924587.0,7076354.249231145,2.153739745828211
Madre de Dios,2020,ave,9412.482058415118,485451.1,4244124.41543883,2.217767703551616
Tumbes,2019,ave,294.0,157220.0,132083.0,2.2258731252318618
Piura,2019,ave,33053.0,5858230.0,14783876.0,2.235746566056155
Lambayeque,2019,ave,26358.0,2489462.0,12079398.0,2.1820623842347118
La Libertad,2019,ave,316907.0,24963293.0,140698998.0,2.252375670791913
Cajamarca,2019,ave,3667.0,870494.0,1768812.0,2.0731428778185585
Amazonas,2019,ave,820.0,1525969.0,102828.0,7.974481658692184
Ancash,2019,ave,38410.0,2632858.0,17185743.0,2.2349921094479304
Lima,2019,ave,942813.0,68879430.0,416797807.0,2.262039253004035
Ica,2019,ave,95536.0,17467343.0,45451220.0,2.1019457783531443
Huánuco,2019,ave,1320.0,1761432.0,646070.0,2.043122262293559
Pasco,2019,ave,642.0,139895.0,300084.0,2.139400967729036
Junín,2019,ave,11237.0,3562423.0,5131255.0,2.189912604226452
Huancavelica,2019,ave,1009.0,389033.0,508566.0,1.9840099416791528
Arequipa,2019,ave,168941.0,17146598.0,75369645.0,2.2414992136423093
Moquegua,2019,ave,198.0,60034.0,95558.0,2.072040017580945
Tacna,2019,ave,20227.0,1185038.0,8886158.0,2.2762368168560587
Ayacucho,2019,ave,1104.0,664511.0,544510.0,2.027510973168537
Apurímac,2019,ave,814.0,309739.0,405658.0,2.0066164108682685
Cusco,2019,ave,4058.0,1201279.0,1899521.0,2.1363280532302618
Puno,2019,ave,2686.0,1698765.0,1354640.0,1.982814622335085
San Martín,2019,ave,40421.0,4536966.0,18414920.0,2.1950136085304743
Loreto,2019,ave,26873.0,4183526.0,12043022.0,2.2314166660162207
Ucayali,2019,ave,15750.0,6002549.0,7328098.0,2.1492616501580626
Madre de Dios,2019,ave,9719.0,486548.0,4328446.0,2.2453785954589707
Tumbes,2018,ave,289.56850943605343,160170.0,132556.70857681282,2.184487775420712
Piura,2018,ave,32556.16412380413,5987073.0,14745978.253396869,2.2077995480770847
Lambayeque,2018,ave,25386.674956385938,2048030.0,11540012.230169697,2.199882846745703
La Libertad,2018,ave,299039.69581832027,24685343.0,134659466.61810154,2.2207105324901235
Cajamarca,2018,ave,3538.0905843108203,901600.0,1773889.2490148798,1.9945386028331136
Amazonas,2018,ave,781.4932483578426,1530410.0,102828.07926429676,7.599998501860446
Ancash,2018,ave,37266.76730750584,2625380.0,16441575.135319654,2.2666178271113253
Lima,2018,ave,902509.464677448,60834269.0,399961650.4932463,2.256489999889846
Ica,2018,ave,88822.720785303,16492389.0,41472255.49962546,2.141738367379251
Huánuco,2018,ave,1262.2685057159956,1759470.0,650405.6057059699,1.9407405081416715
Pasco,2018,ave,645.8458698074785,138260.0,308980.11376605835,2.090250605242754
Junín,2018,ave,10987.290572741616,3570420.0,5002167.028678041,2.1965061361905995
Huancavelica,2018,ave,966.9088018770542,385190.0,509585.28102465154,1.8974425633582603
Arequipa,2018,ave,165735.5081783703,19470309.0,74439607.90653187,2.226442519504828
Moquegua,2018,ave,184.16242650119824,59765.0,94026.90281032312,1.9586141944152096
Tacna,2018,ave,20196.322145286817,1185445.0,9123568.26677219,2.2136429031655656
Ayacucho,2018,ave,1068.0947513215656,485120.0,547793.435585014,1.949812980473009
Apurímac,2018,ave,780.8350080062874,311850.0,411456.9735984978,1.8977318604599247
Cusco,2018,ave,3940.393323415919,1210308.0,1878734.824851952,2.097365349964399
Puno,2018,ave,2583.5710709463024,1687220.0,1357989.8304726607,1.902496626242825
San Martín,2018,ave,38948.60461616406,4589044.0,17897108.211513445,2.176251277908009
Loreto,2018,ave,26097.01025723457,4208074.0,11883178.137829602,2.1961305262399318
Ucayali,2018,ave,14732.143692472317,6147060.0,6692155.278023975,2.2014049406251
Madre de Dios,2018,ave,9316.643119951645,487120.0,4214165.964925794,2.2107916957930485
Tumbes,2017,ave,163.7060224297893,154270.0,71935.69529324083,2.275727255605901
Piura,2017,ave,28902.432661356168,6138251.0,13281846.796663174,2.176085382088384
Lambayeque,2017,ave,22689.22054913432,1868521.0,10413791.13863676,2.178766622748351
La Libertad,2017,ave,270846.8581100025,25241243.0,123377859.8617261,2.1952630594626137
Cajamarca,2017,ave,3616.9015114104914,839388.7110178932,1833960.5716754925,1.9721806276926213
Amazonas,2017,ave,3696.9187082358194,1521527.0483121483,1736237.4098508882,2.1292702756320168
Ancash,2017,ave,39416.052146293616,2640335.6401371206,17683178.81529492,2.229013943590336
Lima,2017,ave,848197.8464554672,58064430.0,377518801.8355558,2.2467698094277577
Ica,2017,ave,72365.19909865936,14767142.0,34888755.42416205,2.07416969217948
Huánuco,2017,ave,1213.059361552405,1763394.7583989666,637988.0127853153,1.9013826862615408
Pasco,2017,ave,406.19221832158166,141529.697833678,205633.28363101688,1.9753233092870448
Junín,2017,ave,12053.199723926427,3554425.6097520343,5570881.595905356,2.163607234586646
Huancavelica,2017,ave,947.9812396433052,392876.16630864254,505939.04775819887,1.8737064155134544
Arequipa,2017,ave,153406.22691487978,19046592.0,69740818.91966404,2.199661966854616
Moquegua,2017,ave,170.4724113995206,60302.69923627591,86126.85088097818,1.979317827782913
Tacna,2017,ave,20635.14840263613,1184630.9133373017,9438792.487656916,2.186206384939669
Ayacucho,2017,ave,1058.7678381238093,843901.3774687981,549179.5652226908,1.927908292972412
Apurímac,2017,ave,763.7822259911218,307628.6447918136,406961.94325745007,1.8767902961087
Cusco,2017,ave,4091.972288564322,1192249.1304510436,1986050.3774606285,2.060356743717817
Puno,2017,ave,2535.370837683364,1727180.0,1351018.252292825,1.8766369983385236
San Martín,2017,ave,37960.61433143708,4484888.015217912,17537001.327123333,2.164601212222404
Loreto,2017,ave,23703.73639308622,4158978.490583007,10952706.331588078,2.164189897498084
Ucayali,2017,ave,12044.96404630319,6058038.858826759,5591666.709505866,2.154091914281422
Madre de Dios,2017,ave,8393.457908269136,485976.3173059864,3865818.4410884823,2.1711981657125685
Tumbes,2024,ovino,35.3055,9937.0,2978.0,11.855439892545334
Piura,2024,ovino,1858.36851205462,243119.0,114971.0,16.163871764285958
Lambayeque,2024,ovino,383.8777,73114.0,24880.0,15.429168006430867
La Libertad,2024,ovino,3019.765072,368772.0,221021.0,13.662797073581244
Cajamarca,2024,ovino,872.9143999999999,483612.0,74335.0,11.742979753817178
Amazonas,2024,ovino,60.12101199999999,28823.0,3752.0,16.02372388059701
Ancash,2024,ovino,1476.8160342112003,671255.0,135246.0,10.91948929471373
Lima,2024,ovino,760.2646599999999,320363.0,63970.0,11.884706268563388
Ica,2024,ovino,140.9868,29991.0,12625.0,11.167271287128711
Huánuco,2024,ovino,1911.922421995175,527045.0,174789.0,10.938459639881083
Pasco,2024,ovino,1376.3280869488765,682406.0,116592.0,11.804648675056988
Junín,2024,ovino,3548.9452,1751173.0,303797.0,11.681962626359049
Huancavelica,2024,ovino,1211.988,622856.0,97429.0,12.439704810682652
Arequipa,2024,ovino,1520.5018999999998,200495.0,105611.0,14.397192527293557
Moquegua,2024,ovino,78.4538009808,48013.0,3804.0,20.625111789738952
Tacna,2024,ovino,215.67362,35840.0,8737.0,24.68508870321621
Ayacucho,2024,ovino,1739.8635,605887.0,142794.0,12.184430018067983
Apurímac,2024,ovino,762.5755999999999,454520.0,68602.0,11.115938310836418
Cusco,2024,ovino,4042.661600000001,1392545.0,312820.0,12.923283677514227
Puno,2024,ovino,8455.182999999999,2695590.0,588240.0,14.373696110431116
San Martín,2024,ovino,59.932706344404,9134.0,5153.0,11.629680001885626
Loreto,2024,ovino,36.0628,11274.0,2435.0,14.810184804928127
Ucayali,2024,ovino,31.0897,8195.0,2700.0,11.514703703703704
Madre de Dios,2024,ovino,25.751,4124.0,1456.0,17.686126373626372
Tumbes,2023,ovino,36.616,11437.0,3168.0,11.558080808080808
Piura,2023,ovino,1814.2130408935088,243119.0,110566.75413190268,16.408305146854627
Lambayeque,2023,ovino,397.16405,71310.0,24140.0,16.4525289975145
La Libertad,2023,ovino,2939.66886,369947.0,215320.0,13.65255833178525
Cajamarca,2023,ovino,913.42691,483579.0,78516.0,11.633640404503542
Amazonas,2023,ovino,55.28710000000001,28499.0,3480.0,15.887097701149427
Ancash,2023,ovino,1436.8788028763058,671820.0,134036.0,10.720096115046
Lima,2023,ovino,713.9445199999999,321147.0,56794.0,12.570773673275344
Ica,2023,ovino,144.9637574,30121.0,12129.0,11.951830934124825
Huánuco,2023,ovino,1801.7155046520704,527339.0,161862.0,11.131182764651806
Pasco,2023,ovino,1333.9349417423905,683544.0,112278.0,11.88064395288828
Junín,2023,ovino,3508.6795999999995,1652072.0,304399.0,11.526580573523566
Huancavelica,2023,ovino,1249.16972,623222.0,97296.77,12.8387583678266
Arequipa,2023,ovino,1848.6866,204621.0,128397.0,14.39820712321939
Moquegua,2023,ovino,77.152845625,48070.0,3626.0,21.27767391753999
Tacna,2023,ovino,209.164812,35869.0,8681.0,24.09455270130169
Ayacucho,2023,ovino,1752.0371999999998,635108.0,142224.0,12.318857576780289
Apurímac,2023,ovino,791.7210799999999,454659.0,69627.0,11.370891751762963
Cusco,2023,ovino,4045.134000000001,1381440.0,309247.0,13.080592536063408
Puno,2023,ovino,8477.459,2727605.0,607205.0,13.961444652135606
San Martín,2023,ovino,57.27401618,9161.0,5181.0,11.05462578266744
Loreto,2023,ovino,29.5648,11255.0,2195.0,13.469157175398632
Ucayali,2023,ovino,30.11715,8628.0,2564.0,11.746158346333852
Madre de Dios,2023,ovino,26.425559,4860.0,1637.0,16.142675015271838
Tumbes,2022,ovino,27.47,9637.0,2156.0,12.741187384044526
Piura,2022,ovino,1771.24,254704.0,112641.2,15.724619411014798
Lambayeque,2022,ovino,428.85,74798.0,26248.0,16.338387686680893
La Libertad,2022,ovino,2850.39,361175.0,210806.0,13.521389334269422
Cajamarca,2022,ovino,954.97,478462.0,84819.0,11.258916044754123
Amazonas,2022,ovino,53.85,28229.0,3395.0,15.86156111929308
Ancash,2022,ovino,1428.87,671255.0,132582.0,10.77725483097253
Lima,2022,ovino,663.59,303526.0,54211.0,12.24087362343436
Ica,2022,ovino,143.54,28666.0,13345.0,10.7560884226302
Huánuco,2022,ovino,1776.52,527045.0,158066.0,11.239102653322028
Pasco,2022,ovino,1364.19,682406.0,112599.0,12.1154717182213
Junín,2022,ovino,3400.46,1579259.0,300729.0,11.307389709672163
Huancavelica,2022,ovino,1305.23,622856.0,104760.0,12.459240168003054
Arequipa,2022,ovino,1972.24,202792.0,136204.0,14.480044638923967
Moquegua,2022,ovino,72.78,48013.0,3448.0,21.10788863109049
Tacna,2022,ovino,199.63,35840.0,8504.0,23.47483537158984
Ayacucho,2022,ovino,1703.98,647200.0,141460.0,12.045666619539093
Apurímac,2022,ovino,822.77,454520.0,70337.4,11.697475311854006
Cusco,2022,ovino,4030.43,1394173.0,304422.0,13.23961474532064
Puno,2022,ovino,8420.47,2772245.0,600435.0,14.023949303421684
San Martín,2022,ovino,58.2,9134.0,5176.0,11.244204018547142
Loreto,2022,ovino,28.65,11112.0,2278.0,12.576821773485513
Ucayali,2022,ovino,29.79,8531.0,2493.0,11.949458483754512
Madre de Dios,2022,ovino,28.21,5148.0,1610.0,17.52173913043478
Tumbes,2021,ovino,28.366681,9063.0,2324.0,12.205972891566264
Piura,2021,ovino,1767.70665798184,266289.40022,110536.07461298,15.992124418847984
Lambayeque,2021,ovino,448.4978397270294,73368.0,27955.2476,16.043422191940426
La Libertad,2021,ovino,2608.0328000000004,36171.0,196709.0,13.25832981714106
Cajamarca,2021,ovino,953.6187824,484087.0,83113.3,11.47372060067402
Amazonas,2021,ovino,50.70640000000001,27990.0,3190.0,15.895423197492168
Ancash,2021,ovino,1421.5318010752062,672384.0,131663.0,10.79674472763955
Lima,2021,ovino,707.6536920000001,294505.0,57729.0,12.25820111209271
Ica,2021,ovino,138.2890649445258,26813.0,13489.0,10.251987911967218
Huánuco,2021,ovino,1760.9815320000002,527633.0,154407.0,11.404803745944164
Pasco,2021,ovino,1366.2015440000002,684682.0,110795.0,12.330895293108895
Junín,2021,ovino,3204.1516,1611208.0,288554.0,11.10416629123145
Huancavelica,2021,ovino,1324.020357,623587.0,99893.2,13.254359225652998
Arequipa,2021,ovino,2040.8246,217639.0,140569.0,14.51831200335778
Moquegua,2021,ovino,71.20255,48127.0,3361.0,21.184930080333235
Tacna,2021,ovino,197.0844,35897.0,8458.0,23.30153700638449
Ayacucho,2021,ovino,1736.3570000000004,609447.0,146549.0,11.84830329787307
Apurímac,2021,ovino,848.4261769999999,454797.0,76264.8,11.1247413879011
Cusco,2021,ovino,3968.3852,1417593.0,302622.0,13.11334007441627
Puno,2021,ovino,8469.858,2787942.0,607120.0,13.950879562524706
San Martín,2021,ovino,60.58211999999998,9188.0,5001.0,12.114001199760043
Loreto,2021,ovino,28.856,10791.0,2117.0,13.630609352857816
Ucayali,2021,ovino,28.99756,8439.0,2476.0,11.711453957996769
Madre de Dios,2021,ovino,28.891000000000005,4669.0,1676.0,17.23806682577566
Tumbes,2020,ovino,29.791768,10210.0,2585.0,11.524861895551258
Piura,2020,ovino,1615.8146981683649,263119.0,115546.3807854072,13.984122109105751
Lambayeque,2020,ovino,476.2432228285444,73859.0,29877.520000000004,15.93985119342383
La Libertad,2020,ovino,2545.52536,360982.0,192047.0,13.25469994324306
Cajamarca,2020,ovino,907.5153324,484440.0,79719.0,11.383927701049938
Amazonas,2020,ovino,46.85120000000002,27990.0,2948.0,15.892537313432843
Ancash,2020,ovino,1275.2906898869946,670125.0,132083.0,9.655222018632182
Lima,2020,ovino,705.2715159999999,312547.0,57495.0,12.26665824854335
Ica,2020,ovino,130.74823375852233,26787.0,10985.0,11.902433660311546
Huánuco,2020,ovino,1740.2116,526457.0,154904.0,11.234129525383462
Pasco,2020,ovino,1351.307924,680129.0,108235.0,12.48494409386982
Junín,2020,ovino,2856.1028,1547309.0,265903.0,10.741145455297607
Huancavelica,2020,ovino,1359.11862,622124.0,100704.45,13.496112833146896
Arequipa,2020,ovino,2062.8644,190639.0,141481.0,14.580504802765034
Moquegua,2020,ovino,66.45091000000001,47899.0,3452.0,19.249973928157598
Tacna,2020,ovino,192.6204,35782.0,8281.0,23.260524091293323
Ayacucho,2020,ovino,1607.2859600000004,602326.0,136859.0,11.744101301339336
Apurímac,2020,ovino,887.10944,454242.0,78661.45,11.277562770582032
Cusco,2020,ovino,3742.5248000000015,1425497.0,295095.0,12.682440569985944
Puno,2020,ovino,8557.7855,2699105.0,614980.0,13.915550912224788
San Martín,2020,ovino,67.16044914941949,9080.0,6053.23,11.09497725171842
Loreto,2020,ovino,26.688,11303.0,2064.0,12.930232558139537
Ucayali,2020,ovino,27.961468000000004,8931.0,2648.7,10.556676105259186
Madre de Dios,2020,ovino,32.7436,6669.0,2043.0,16.02721488007832
Tumbes,2019,ovino,33.0,7515.0,2941.0,11.220673240394424
Piura,2019,ovino,1493.0,274119.0,120555.0,12.384388868151463
Lambayeque,2019,ovino,529.0,68325.0,31831.0,16.61901919512425
La Libertad,2019,ovino,2504.0,344949.0,188941.0,13.252814370623634
Cajamarca,2019,ovino,1211.0,480072.0,99840.0,12.129407051282053
Amazonas,2019,ovino,56.0,23047.0,3532.0,15.855039637599091
Ancash,2019,ovino,1403.0,671829.0,132633.0,10.578061266803887
Lima,2019,ovino,793.0,315962.0,64093.0,12.372645998783018
Ica,2019,ovino,128.0,27552.0,9044.0,14.153029632905795
Huánuco,2019,ovino,1799.0,529832.0,157449.0,11.425922044598568
Pasco,2019,ovino,1338.0,691923.0,107119.0,12.49078128063182
Junín,2019,ovino,3285.0,1516644.0,303867.0,10.810650712318218
Huancavelica,2019,ovino,1441.0,625574.0,110863.0,12.998024588907027
Arequipa,2019,ovino,2148.0,188221.0,146807.0,14.631454903376545
Moquegua,2019,ovino,82.0,49291.0,4033.0,20.33225886436896
Tacna,2019,ovino,187.0,36005.0,8114.0,23.046586147399555
Ayacucho,2019,ovino,1958.0,617461.0,166207.0,11.780490593055648
Apurímac,2019,ovino,920.0,456405.0,79281.0,11.604293588627792
Cusco,2019,ovino,3631.0,1443471.0,302899.0,11.987494181228726
Puno,2019,ovino,8679.0,2852165.0,629215.0,13.793377462393618
San Martín,2019,ovino,71.0,9269.0,6854.0,10.358914502480305
Loreto,2019,ovino,29.0,12385.0,2359.0,12.293344637558286
Ucayali,2019,ovino,28.0,10049.0,2288.0,12.237762237762238
Madre de Dios,2019,ovino,36.0,9494.0,2072.0,17.374517374517374
Tumbes,2018,ovino,33.8008,7450.0,2975.0,11.361613445378152
Piura,2018,ovino,1477.6333291950805,293119.0,129317.059491818,11.426437741484303
Lambayeque,2018,ovino,535.91032,67840.0,30784.0,17.40872920997921
La Libertad,2018,ovino,2453.0120320000005,333412.0,185193.0,13.245706004006632
Cajamarca,2018,ovino,1184.9984000000002,484116.0,100940.0,11.73963146423618
Amazonas,2018,ovino,53.68920000000001,24350.0,3378.0,15.893783303730018
Ancash,2018,ovino,1397.96157480396,671482.0,132673.9242237113,10.536822386038372
Lima,2018,ovino,820.7991360000001,326462.0,67076.0,12.236852764028864
Ica,2018,ovino,76.95829200000001,27535.0,5913.0,13.015100963977678
Huánuco,2018,ovino,1871.116772,530212.0,165231.0,11.324247701702465
Pasco,2018,ovino,1318.9424508000004,685310.0,104294.0,12.646388582277028
Junín,2018,ovino,3325.493682729301,1554849.0,314170.0,10.585013472735463
Huancavelica,2018,ovino,1394.9610284,630410.0,112783.0,12.368539836677511
Arequipa,2018,ovino,2093.7311,188490.0,141922.0,14.75268880089063
Moquegua,2018,ovino,86.6112,48970.0,4148.0,20.88023143683703
Tacna,2018,ovino,183.37352,36005.0,7828.0,23.4253346959632
Ayacucho,2018,ovino,1778.6608960000003,616828.0,149330.0,11.910941512087325
Apurímac,2018,ovino,931.549,457330.0,80659.0,11.549225752860808
Cusco,2018,ovino,3710.24865,1428736.0,287811.0,12.891267706932677
Puno,2018,ovino,8766.874,2876615.0,647020.0,13.54961824982226
San Martín,2018,ovino,66.81200000000001,11017.0,6120.0,10.91699346405229
Loreto,2018,ovino,39.353,11970.0,3361.0,11.708717643558463
Ucayali,2018,ovino,29.941496,9970.0,2472.0,12.11225566343042
Madre de Dios,2018,ovino,39.353,9430.0,2225.0,17.68674157303371
Tumbes,2017,ovino,36.930800000000005,7580.0,3096.0,11.928552971576227
Piura,2017,ovino,1359.70077427051,341213.0,115852.64246437096,11.736467510343315
Lambayeque,2017,ovino,539.008792,68810.0,28880.0,18.663739335180058
La Libertad,2017,ovino,2413.313596,356486.0,184002.0,13.115692198997838
Cajamarca,2017,ovino,1219.3388800000002,455567.03984489065,102957.0,11.843185796011928
Amazonas,2017,ovino,50.57680000000001,21743.7256194941,3305.0,15.30311649016642
Ancash,2017,ovino,1375.98640385396,672175.386867378,132418.9242237113,10.391161323205884
Lima,2017,ovino,976.1665720000002,305462.0,80867.0,12.071259871146452
Ica,2017,ovino,61.18441200000001,29996.0,5024.0,12.178425955414015
Huánuco,2017,ovino,1751.3514,529452.907119256,163418.0,10.7170042467782
Pasco,2017,ovino,1381.425084,698536.0,99700.0,13.855818294884656
Junín,2017,ovino,3300.2152,1478438.0,304545.0,10.836543696333877
Huancavelica,2017,ovino,1601.1004940000005,620737.0,126716.0,12.635345923166769
Arequipa,2017,ovino,2024.2035,187138.0,136584.0,14.820209541381123
Moquegua,2017,ovino,84.45456,49611.39750000001,3991.0,21.1612528188424
Tacna,2017,ovino,182.1532,36005.0,7851.0,23.201273723092594
Ayacucho,2017,ovino,1839.3472,611215.0,154484.0,11.906392895057094
Apurímac,2017,ovino,960.0232,455479.136049175,83655.0,11.475981112904188
Cusco,2017,ovino,3231.7132,1422140.0,287451.0,11.24265770513931
Puno,2017,ovino,8891.271,2950630.0,660964.0,13.451974691511188
San Martín,2017,ovino,59.78338977200001,7521.0,5439.0,10.991614225409084
Loreto,2017,ovino,35.906,12800.025,3115.0,11.526805778491171
Ucayali,2017,ovino,27.9644,10128.6675,2377.0,11.764577198148928
Madre de Dios,2017,ovino,45.67300000000001,9558.675,2349.0,19.443593018305663
Tumbes,2024,porcino,306.89045,30138.0,5560.0,55.19612410071942
Piura,2024,porcino,6103.003563855208,178258.0,116025.0,52.60088517699053
Lambayeque,2024,porcino,1602.4635,70216.0,30744.0,52.12280444964872
La Libertad,2024,porcino,23386.34949,113846.0,386387.0,60.52571512499125
Cajamarca,2024,porcino,5710.1829,291070.0,136492.0,41.83529364358351
Amazonas,2024,porcino,2026.0926105,101595.0,38532.0,52.58207750700716
Ancash,2024,porcino,1983.52944200278,195378.0,61258.0,32.3797183241246
Lima,2024,porcino,95076.896675,505821.0,1520451.0,62.53203600444868
Ica,2024,porcino,17055.628225,206409.0,405041.0,42.108399458326446
Huánuco,2024,porcino,8287.9129925,402369.0,231783.0,35.75720821846296
Pasco,2024,porcino,1452.6193993654967,54128.0,39436.0,36.834981327038776
Junín,2024,porcino,6074.736749999999,205337.0,128833.0,47.15202432606552
Huancavelica,2024,porcino,1367.586,156236.0,36574.0,37.39230054136818
Arequipa,2024,porcino,13346.929,133853.0,237857.0,56.1132487166659
Moquegua,2024,porcino,1345.25594216,13189.0,28766.0,46.76622166415214
Tacna,2024,porcino,3143.330416666667,38937.0,71337.0,44.06311474643827
Ayacucho,2024,porcino,3098.9568,120620.0,68090.0,45.51265677779409
Apurímac,2024,porcino,2312.2257,137124.0,54058.0,42.77305301712975
Cusco,2024,porcino,5978.902999999999,122046.0,149255.0,40.05830960436836
Puno,2024,porcino,2637.7010000000005,120010.0,76055.0,34.68149365590691
San Martín,2024,porcino,3100.62757,179557.0,79658.0,38.92412652376439
Loreto,2024,porcino,1847.98875,84245.0,43129.0,42.847938741913794
Ucayali,2024,porcino,987.55175,46211.0,24206.0,40.79780839461291
Madre de Dios,2024,porcino,1315.5332474999998,13075.0,21388.0,61.50800670936973
Tumbes,2023,porcino,339.86,27921.0,5883.0,57.769845317015125
Piura,2023,porcino,6027.886176796699,173258.0,114622.677020244,52.588949529874334
Lambayeque,2023,porcino,1562.3037399999998,65400.0,29125.0,53.64133012875536
La Libertad,2023,porcino,21036.274815,103302.0,354779.0,59.29402477316865
Cajamarca,2023,porcino,5722.52199,291453.0,139710.1,40.95997347364292
Amazonas,2023,porcino,1850.960085,98622.0,35262.0,52.491636464182406
Ancash,2023,porcino,1905.4247989,185907.0,60603.0,31.44109695724634
Lima,2023,porcino,93275.560435,503561.0,1474086.3,63.27686542843522
Ica,2023,porcino,14410.951315000002,195225.0,325151.0,44.320796537608686
Huánuco,2023,porcino,7711.910145499999,404816.0,203305.0,37.93271265094316
Pasco,2023,porcino,1443.5935257199292,53110.0,38740.0,37.263642894164406
Junín,2023,porcino,5937.071250000001,204941.0,127223.0,46.66665029122093
Huancavelica,2023,porcino,1402.41172,156101.0,34887.0,40.19869062974748
Arequipa,2023,porcino,12237.725,119024.0,218204.0,56.0838710564426
Moquegua,2023,porcino,1317.9349576805002,13211.0,27989.0,47.08760433314874
Tacna,2023,porcino,3015.98815,38469.0,70781.0,42.61013760755005
Ayacucho,2023,porcino,3060.82875,128976.0,67426.0,45.3953778957672
Apurímac,2023,porcino,2396.23784,138421.0,55581.7,43.111992616274776
Cusco,2023,porcino,5904.728250000002,122270.0,148458.0,39.77372893343573
Puno,2023,porcino,2632.25,118775.0,76790.0,34.27855189477796
San Martín,2023,porcino,3055.5476793000003,189557.0,77484.0,39.43456299752207
Loreto,2023,porcino,1947.50775,80560.0,47114.0,41.3360731417413
Ucayali,2023,porcino,917.858775,43606.0,20397.0,44.999694808060006
Madre de Dios,2023,porcino,1336.41297,8689.0,21406.0,62.43169999065682
Tumbes,2022,porcino,285.09,29764.0,5942.0,47.97879501851228
Piura,2022,porcino,6003.66,187581.0,114661.9,52.359676579578746
Lambayeque,2022,porcino,1521.26,68510.0,30240.0,50.30621693121693
La Libertad,2022,porcino,20469.35,112435.0,346595.0,59.05841111383603
Cajamarca,2022,porcino,5891.25,290457.0,142637.0,41.3023969937674
Amazonas,2022,porcino,1688.1,90502.0,32121.0,52.55440366115625
Ancash,2022,porcino,1856.85,180786.0,61807.0,30.042713608490946
Lima,2022,porcino,78327.06,501088.0,1241576.5,63.08677717402029
Ica,2022,porcino,13365.9,190521.0,280296.0,47.68494734138197
Huánuco,2022,porcino,8017.06,403999.0,211891.0,37.83577405364079
Pasco,2022,porcino,1451.12,52973.0,38987.0,37.22061199887142
Junín,2022,porcino,5510.86,195420.0,122779.0,44.88438576629554
Huancavelica,2022,porcino,1466.49,155982.0,35892.3,40.85806705059302
Arequipa,2022,porcino,11997.63,101411.0,214046.0,56.05164310475318
Moquegua,2022,porcino,1264.7,13175.0,26968.0,46.896321566300806
Tacna,2022,porcino,2888.59,37996.0,70732.0,40.83851721992875
Ayacucho,2022,porcino,2811.19,128847.0,61979.8,45.3565516506991
Apurímac,2022,porcino,2536.4,139127.0,60118.1,42.19028878158159
Cusco,2022,porcino,4583.99,122375.0,128736.0,35.607677728063635
Puno,2022,porcino,2636.13,120520.0,77210.0,34.142339075249325
San Martín,2022,porcino,3036.33,179855.0,74443.0,40.78731378370028
Loreto,2022,porcino,1824.08,93896.0,44014.0,41.44317717090016
Ucayali,2022,porcino,712.38,46852.0,15032.0,47.39089941458222
Madre de Dios,2022,porcino,1259.15,10964.0,19687.0,63.95844973840606
Tumbes,2021,porcino,306.00197,30512.0,6016.0,50.86468916223404
Piura,2021,porcino,6077.573808121612,177302.4624576,116132.965162272,52.33289100669607
Lambayeque,2021,porcino,1522.9777681454702,71922.0,29327.577072,51.92988716410218
La Libertad,2021,porcino,19651.8348975,110020.0,337947.0,58.15064166126641
Cajamarca,2021,porcino,5799.748787500001,292447.0,138143.4,41.983538753932514
Amazonas,2021,porcino,1513.2697500000002,92127.0,28738.0,52.65744832625792
Ancash,2021,porcino,1799.308721829142,171027.0,60397.0,29.79135920375419
Lima,2021,porcino,75883.19383250001,490151.0,1182774.0,64.15696813803821
Ica,2021,porcino,12576.483275,99656.0,246350.0,51.05128181449158
Huánuco,2021,porcino,8094.1803875,405632.0,211032.0,38.35522758396831
Pasco,2021,porcino,1403.4169925,53247.0,38656.0,36.30528229770282
Junín,2021,porcino,5225.276999999999,193340.0,116573.0,44.8240759009376
Huancavelica,2021,porcino,1536.3650200000002,156489.0,40870.4,37.59114224475415
Arequipa,2021,porcino,11518.116999999998,116838.0,205510.0,56.046503819765455
Moquegua,2021,porcino,1228.8277395000002,13247.0,25858.0,47.52214941217419
Tacna,2021,porcino,2827.49475,38942.0,69763.0,40.530005160328535
Ayacucho,2021,porcino,2551.9107500000005,112392.0,57183.40874,44.62676860700908
Apurímac,2021,porcino,2655.7985447,137715.0,65607.8,40.47992075180085
Cusco,2021,porcino,4221.5305,121716.0,104462.0,40.412116367674365
Puno,2021,porcino,2611.1635,122635.0,77120.0,33.858447873443986
San Martín,2021,porcino,3077.2896750000004,179258.0,74226.0,41.45837947619433
Loreto,2021,porcino,2108.559,97342.0,47120.0,44.74870543293718
Ucayali,2021,porcino,719.2350000000001,46273.0,16005.0,44.93814432989692
Madre de Dios,2021,porcino,1240.1157299999998,12680.0,19078.0,65.00239700178214
Tumbes,2020,porcino,332.6862082174632,29015.0,6827.8,48.725242130329406
Piura,2020,porcino,6006.963073751085,157810.0,114836.53633406,52.30881447239755
Lambayeque,2020,porcino,1625.3261274015022,70227.0,29989.17985827932,54.197084918038776
La Libertad,2020,porcino,18996.62709,111448.0,326814.0,58.12672373276542
Cajamarca,2020,porcino,5721.8282712,288467.0,131905.0,43.378403178044806
Amazonas,2020,porcino,1707.201366111139,92127.0,30202.0,56.52610310943444
Ancash,2020,porcino,1605.4003692062977,170544.0,49768.0,32.25768303340094
Lima,2020,porcino,73425.73141499999,470025.0,1147785.67,63.97163977051569
Ica,2020,porcino,11271.688934999998,91117.0,218375.0,51.61620576989123
Huánuco,2020,porcino,7374.275549999999,402365.0,208063.0,35.442512844667235
Pasco,2020,porcino,1334.8254825,52698.0,36484.0,36.58659912564413
Junín,2020,porcino,4716.05325,178317.0,105858.0,44.55074958907216
Huancavelica,2020,porcino,1583.327995,155475.0,40726.15,38.87742875277924
Arequipa,2020,porcino,11395.316,116838.0,203325.0,56.044834624369855
Moquegua,2020,porcino,1010.900815,13102.0,21353.0,47.342331990820966
Tacna,2020,porcino,2793.732,37050.0,69594.0,40.14328821450125
Ayacucho,2020,porcino,2431.8015000000005,111843.0,54161.0,44.89949410092134
Apurímac,2020,porcino,2741.08984,140538.0,70472.48,38.89589014037821
Cusco,2020,porcino,3945.464952297172,123995.0,91405.0,43.16465130241421
Puno,2020,porcino,2603.1735,120306.0,77325.0,33.665354025218235
San Martín,2020,porcino,2820.2816268,180451.0,67171.0,41.98659580473716
Loreto,2020,porcino,2515.856911267928,95430.0,54911.25278269584,45.81678223995554
Ucayali,2020,porcino,737.2586475,43273.0,16326.0,45.15855981256891
Madre de Dios,2020,porcino,1107.8705550000002,12684.0,17486.0,63.357574917076526
Tumbes,2019,porcino,345.0,30010.0,6339.0,54.42498816848084
Piura,2019,porcino,5825.0,167860.0,113620.0,51.26738250308045
Lambayeque,2019,porcino,1721.0,73428.0,31654.0,54.36911606747962
La Libertad,2019,porcino,17654.0,113341.0,309578.0,57.02601606057278
Cajamarca,2019,porcino,6484.0,288252.0,150866.0,42.97853724497236
Amazonas,2019,porcino,1806.0,85700.0,34042.0,53.05211209682157
Ancash,2019,porcino,1593.0,171477.0,49555.0,32.146100292604174
Lima,2019,porcino,74813.0,464900.0,1178439.0,63.4848303560897
Ica,2019,porcino,11484.0,102767.0,212080.0,54.149377593361
Huánuco,2019,porcino,8079.0,405725.0,208424.0,38.76233063370821
Pasco,2019,porcino,1328.0,53567.0,36228.0,36.65672960141328
Junín,2019,porcino,4855.0,171904.0,114371.0,42.44957200688986
Huancavelica,2019,porcino,1633.0,157545.0,44440.0,36.74617461746175
Arequipa,2019,porcino,11061.0,107120.0,198540.0,55.7116953762466
Moquegua,2019,porcino,1163.0,13225.0,26011.0,44.71185267771328
Tacna,2019,porcino,2707.0,36232.0,68881.0,39.2996617354568
Ayacucho,2019,porcino,2757.0,118454.0,62319.0,44.24011938574111
Apurímac,2019,porcino,2775.0,133037.0,71343.0,38.896598124553215
Cusco,2019,porcino,4946.0,127738.0,120446.0,41.06404529830795
Puno,2019,porcino,2579.0,119760.0,77140.0,33.43271973036038
San Martín,2019,porcino,3034.0,170291.0,70713.0,42.90583061106162
Loreto,2019,porcino,2718.0,84515.0,60322.0,45.05818772587117
Ucayali,2019,porcino,848.0,48466.0,21739.0,39.00823404940429
Madre de Dios,2019,porcino,1050.0,13495.0,17517.0,59.941770851173146
Tumbes,2018,porcino,278.982,29540.0,6650.0,41.952180451127816
Piura,2018,porcino,5047.522268712922,170860.0,105011.10576396,48.06655669409435
Lambayeque,2018,porcino,1731.557525,74560.0,30218.0,57.30218826527235
La Libertad,2018,porcino,17459.092515000004,113664.0,306250.0,57.00928168163267
Cajamarca,2018,porcino,6251.288380124999,277982.0,145709.0,42.90255495628272
Amazonas,2018,porcino,1781.3535,83710.0,33636.0,52.95973064573671
Ancash,2018,porcino,1578.962712146605,172620.0,49016.0,32.21321022006294
Lima,2018,porcino,72790.710175,469546.0,1127541.7665,64.55699676735657
Ica,2018,porcino,4101.199920000001,66840.0,102194.0,40.13151378750221
Huánuco,2018,porcino,7946.004,406220.0,219610.0,36.18234142343245
Pasco,2018,porcino,1345.3232494,55140.0,34195.0,39.34268897207194
Junín,2018,porcino,4347.153827858915,175222.0,102607.0,42.36702981140581
Huancavelica,2018,porcino,1546.15920075,160430.0,43011.96,35.947192379747406
Arequipa,2018,porcino,11511.848999999998,92760.0,210205.0,54.76486762921909
Moquegua,2018,porcino,1199.64144975,12970.0,27007.0,44.41964860036287
Tacna,2018,porcino,2676.687325,36232.0,68005.0,39.36015476803176
Ayacucho,2018,porcino,2480.2125,102314.0,56117.0,44.19716841598802
Apurímac,2018,porcino,2796.17,131226.0,67544.0,41.39775553713135
Cusco,2018,porcino,5292.274600000001,137479.0,108714.0,48.680709016318055
Puno,2018,porcino,2562.695,114885.0,77010.0,33.27743150240229
San Martín,2018,porcino,2933.4180000000006,181290.0,67277.0,43.60209284004936
Loreto,2018,porcino,2998.159,83710.0,65574.0,45.72176472382346
Ucayali,2018,porcino,863.0042775000002,47302.0,23330.0,36.99118206172311
Madre de Dios,2018,porcino,901.6742675,13240.0,14474.0,62.29613565704022
Tumbes,2017,porcino,398.3565,30480.0,7991.0,49.850644475034414
Piura,2017,porcino,4739.332081917849,169531.0,110733.78628555202,42.79933199156049
Lambayeque,2017,porcino,1665.242975,68810.0,29483.0,56.481463046501375
La Libertad,2017,porcino,16876.29837,113018.0,298028.0,56.626553109103845
Cajamarca,2017,porcino,6393.484916325001,297734.0,147970.0,43.207980782084206
Amazonas,2017,porcino,1712.191625,85690.0,33563.0,51.01426049518816
Ancash,2017,porcino,1374.8966701466047,170334.0,42272.0,32.5249969281464
Lima,2017,porcino,71500.0739625,460253.0,1132149.0,63.154296795298144
Ica,2017,porcino,3934.9573875,54124.0,93401.0,42.1297136807957
Huánuco,2017,porcino,6784.161,405230.0,207816.0,32.64503695576856
Pasco,2017,porcino,1264.93548,51993.0,34316.0,36.861390604965614
Junín,2017,porcino,4446.93375,168586.0,106651.0,41.69612802505368
Huancavelica,2017,porcino,1486.4046600000004,174439.0,42772.0,34.751815673805304
Arequipa,2017,porcino,11362.384000000002,95391.0,202875.0,56.00682193468886
Moquegua,2017,porcino,884.84775,13480.0,21597.0,40.970864008890125
Tacna,2017,porcino,2620.5330000000004,36232.0,66586.0,39.35561529450636
Ayacucho,2017,porcino,2331.7566,106597.0,52959.0,44.02946807908003
Apurímac,2017,porcino,2873.818,134847.0,70374.0,40.83636001932532
Cusco,2017,porcino,5823.785249999999,160173.0,144583.0,40.27987557320016
Puno,2017,porcino,2539.6115000000004,112320.0,76729.0,33.0984569067758
San Martín,2017,porcino,2635.7455400000003,129292.0,59704.0,44.146883625887725
Loreto,2017,porcino,2381.1405,85320.0,55401.0,42.98009963719066
Ucayali,2017,porcino,873.060675,49630.0,21547.0,40.51889706223604
Madre de Dios,2017,porcino,836.932965,13750.0,13055.0,64.10823171198774
Tumbes,2024,vacuno,509.0932199999999,20364.0,3641.0,139.82236198846468
Piura,2024,vacuno,7470.177932962082,258181.0,50691.0,147.3669474455442
Lambayeque,2024,vacuno,2885.0078000000008,112932.0,20276.0,142.28683172223322
La Libertad,2024,vacuno,9279.8281803,234527.0,64178.0,144.59516002835863
Cajamarca,2024,vacuno,22242.532,662221.0,167972.0,132.41809349177245
Amazonas,2024,vacuno,9911.28987312,405462.0,67815.0,146.15188193054635
Ancash,2024,vacuno,8473.22926985289,307203.0,60566.0,139.90157387146215
Lima,2024,vacuno,23835.6579471,269830.0,123024.0,193.7473867755188
Ica,2024,vacuno,5289.4903303848805,56209.0,40371.0,131.02202894119245
Huánuco,2024,vacuno,28592.894945400003,287557.0,173113.0,165.16896446482934
Pasco,2024,vacuno,3880.3428140624897,117698.0,24126.0,160.83655865300878
Junín,2024,vacuno,7703.65934,343821.0,59597.0,129.2625356981056
Huancavelica,2024,vacuno,2773.3398,177820.0,22400.0,123.8098125
Arequipa,2024,vacuno,5264.2674,215870.0,31523.0,166.9976651968404
Moquegua,2024,vacuno,751.677633715,23187.0,3936.0,190.95144729292804
Tacna,2024,vacuno,1039.8313400000002,18974.0,5500.0,189.06024363636368
Ayacucho,2024,vacuno,12554.988000000005,430462.0,97622.0,128.60818258179512
Apurímac,2024,vacuno,3960.409,292266.0,34254.0,115.61887662754714
Cusco,2024,vacuno,12046.272999999996,443245.0,77528.0,155.37964348364457
Puno,2024,vacuno,22913.39,746265.0,155930.0,146.94664272429935
San Martín,2024,vacuno,5891.6084936387,216646.0,49926.0,118.00702167478924
Loreto,2024,vacuno,1610.6162100000004,75963.0,10706.0,150.44052026900806
Ucayali,2024,vacuno,2817.83003,65346.0,21848.0,128.97427819480043
Madre de Dios,2024,vacuno,2293.1504289000004,60117.0,14056.0,163.1438836724531
Tumbes,2023,vacuno,495.6568,17720.0,3530.0,140.41269121813033
Piura,2023,vacuno,7445.871515098868,268181.0,48982.01250541754,152.01236401373532
Lambayeque,2023,vacuno,2926.85258,109560.0,20075.4,145.79298942984948
La Libertad,2023,vacuno,8992.5857916,235167.0,62771.0,143.26019645377644
Cajamarca,2023,vacuno,22449.99942,656258.0,166375.0,134.9361347558227
Amazonas,2023,vacuno,9282.9456879,405051.0,63582.0,145.99958617061432
Ancash,2023,vacuno,8649.11450032,307203.0,62939.0,137.4205897824878
Lima,2023,vacuno,21843.566627,268184.0,110685.0,197.3489328002891
Ica,2023,vacuno,4533.95355,55524.0,35150.0,128.98872119487908
Huánuco,2023,vacuno,26629.62748032043,285746.0,159996.0,166.43933273532105
Pasco,2023,vacuno,3758.269211626159,118477.5,23371.0,160.80908868367462
Junín,2023,vacuno,8449.13634,359952.0,58979.0,143.2566903474118
Huancavelica,2023,vacuno,2899.19837,178512.0,23777.0,121.9328918702948
Arequipa,2023,vacuno,5481.407,219346.0,33219.0,165.00818808513202
Moquegua,2023,vacuno,747.8455344857891,23201.5,3695.0,202.3939200232176
Tacna,2023,vacuno,1017.4038084090907,18651.0,5396.0,188.5477776888604
Ayacucho,2023,vacuno,12583.07649,421401.0,98128.0,128.2312539744008
Apurímac,2023,vacuno,4072.617498,293901.5,35287.04,115.41397345881094
Cusco,2023,vacuno,11984.620049999996,441440.0,77093.0,155.4566568949191
Puno,2023,vacuno,22610.585,750570.0,156710.0,144.28297492183012
San Martín,2023,vacuno,5698.225955093216,213905.0,51424.0,110.80868767682824
Loreto,2023,vacuno,1550.2587299999998,79468.0,10379.0,149.36494170922052
Ucayali,2023,vacuno,2732.73759,73825.0,21472.0,127.26982069672133
Madre de Dios,2023,vacuno,1887.43894891,64923.0,11649.0,162.02583474203794
Tumbes,2022,vacuno,494.43,19995.0,3329.0,148.52207870231302
Piura,2022,vacuno,7206.76,280558.0,47003.9,153.32259663559833
Lambayeque,2022,vacuno,2995.19,111810.0,20895.0,143.34481933476908
La Libertad,2022,vacuno,9165.85,233020.0,63890.0,143.46298325246516
Cajamarca,2022,vacuno,23679.29,654162.0,179786.0,131.70819752372265
Amazonas,2022,vacuno,8002.18,390157.0,56392.0,141.90275216342744
Ancash,2022,vacuno,8641.02,307057.0,62463.0,138.3382162240046
Lima,2022,vacuno,21447.52,267366.0,109623.8,195.64656580049223
Ica,2022,vacuno,2796.46,52771.0,21179.0,132.03928419660986
Huánuco,2022,vacuno,25252.62,285746.0,151838.0,166.31291244615971
Pasco,2022,vacuno,3803.09,117871.0,23734.0,160.2380551108115
Junín,2022,vacuno,7787.01,338505.0,59365.0,131.17173418681045
Huancavelica,2022,vacuno,3104.35,177190.0,25999.6,119.3999138448284
Arequipa,2022,vacuno,5347.75,220215.0,32484.0,164.6272010836104
Moquegua,2022,vacuno,718.7,22697.0,3570.0,201.31652661064427
Tacna,2022,vacuno,997.11,18405.0,5276.0,188.9897649734648
Ayacucho,2022,vacuno,11890.44,437940.0,93214.0,127.56066685261872
Apurímac,2022,vacuno,4277.33,292960.0,37934.8,112.75477925282324
Cusco,2022,vacuno,11976.59,443671.0,76083.0,157.41479699801533
Puno,2022,vacuno,21545.72,769420.0,148880.0,144.71869962385813
San Martín,2022,vacuno,5683.18,213453.0,52158.0,108.96084972583304
Loreto,2022,vacuno,1486.82,80743.0,9982.0,148.95011019835704
Ucayali,2022,vacuno,2229.04,63298.0,17518.0,127.24283594017582
Madre de Dios,2022,vacuno,2189.96,63298.0,13622.0,160.7664072823374
Tumbes,2021,vacuno,555.17007,20732.0,3668.0,151.35498091603054
Piura,2021,vacuno,7283.221586471795,292935.979706,47401.1251553862,153.65081657020963
Lambayeque,2021,vacuno,3002.851791538149,114053.0,20429.6274,146.98514724444505
La Libertad,2021,vacuno,8647.082436,233679.0,60986.0,141.78799127668643
Cajamarca,2021,vacuno,24252.65816515001,658353.0,184568.4,131.40200687197813
Amazonas,2021,vacuno,7369.102709999997,382797.0,50960.0,144.605626177394
Ancash,2021,vacuno,8650.810925712549,307349.0,62644.0,138.09480438210443
Lima,2021,vacuno,21186.7791732,269325.0,109767.0,193.01592621826236
Ica,2021,vacuno,2694.5477232558424,48306.0,20410.0,132.02095655344647
Huánuco,2021,vacuno,25066.7345832,289367.0,150369.0,166.7014782515013
Pasco,2021,vacuno,3787.893991200001,119084.0,23722.0,159.67852589157746
Junín,2021,vacuno,7169.3811,340566.0,55007.0,130.3357954442162
Huancavelica,2021,vacuno,3222.1172,179834.0,27973.27,115.18557537248952
Arequipa,2021,vacuno,5005.266999999999,232737.0,30478.0,164.22557254413013
Moquegua,2021,vacuno,719.5400477600001,23706.0,3579.0,201.0449979770886
Tacna,2021,vacuno,985.7178,18897.0,5177.0,190.4032837550705
Ayacucho,2021,vacuno,11078.818175552,422983.0,86814.32,127.61510054507136
Apurímac,2021,vacuno,4484.33364,294844.0,40146.9,111.69812961897432
Cusco,2021,vacuno,11741.259269999997,442818.0,75405.0,155.70929341555595
Puno,2021,vacuno,21339.6915,740290.0,148290.0,143.90512846449525
San Martín,2021,vacuno,5765.448714000001,214357.0,53860.0,107.0450930932046
Loreto,2021,vacuno,1512.80688,79677.0,10547.0,143.4348042097279
Ucayali,2021,vacuno,2179.90092,66095.0,17092.0,127.53925345190731
Madre de Dios,2021,vacuno,2221.7814369,60875.0,13775.0,161.29084841379313
Tumbes,2020,vacuno,627.00292,19258.0,4115.21,152.36231443838832
Piura,2020,vacuno,7051.153227973609,265987.0,47306.1230220904,149.05371181402782
Lambayeque,2020,vacuno,2872.9791248259853,114530.0,19737.6,145.55868620429968
La Libertad,2020,vacuno,8574.347307,234083.0,60576.0,141.54693784667194
Cajamarca,2020,vacuno,21897.7751688486,657166.0,165617.0,132.21936859651242
Amazonas,2020,vacuno,8181.54941,252797.0,54126.0,151.15747348778774
Ancash,2020,vacuno,9772.974586602184,308564.0,68633.0,142.3946874914718
Lima,2020,vacuno,20562.920469,251406.0,106805.0,192.5276950423669
Ica,2020,vacuno,2158.7320494000005,47756.0,15834.0,136.33523111026906
Huánuco,2020,vacuno,24853.59183,290125.0,148059.0,167.8627562660831
Pasco,2020,vacuno,3675.9781377,118658.0,22902.0,160.5090445244957
Junín,2020,vacuno,6555.8613,320442.0,49952.0,131.24321949071108
Huancavelica,2020,vacuno,3323.0409320000003,180546.0,28578.550000000003,116.27745046547147
Arequipa,2020,vacuno,4659.859,232737.0,28525.0,163.36052585451358
Moquegua,2020,vacuno,641.278016,23687.0,3105.0,206.53076199677935
Tacna,2020,vacuno,971.88915,18912.0,5096.0,190.7160812401884
Ayacucho,2020,vacuno,10118.9039463,457818.0,82039.34,123.34209351635448
Apurímac,2020,vacuno,4559.658100000001,295076.0,41244.61,110.55161147117164
Cusco,2020,vacuno,10731.90552,440840.0,70246.0,152.77603735444012
Puno,2020,vacuno,21151.6872,733660.0,147110.0,143.7814370199171
San Martín,2020,vacuno,5442.59658,212548.0,40730.0,133.62623569850234
Loreto,2020,vacuno,1412.18184,48827.0,10542.0,133.9576778599886
Ucayali,2020,vacuno,2081.7141973,50090.0,16472.57,126.37458497975726
Madre de Dios,2020,vacuno,2061.5451693000005,60875.0,12717.0,162.1093944562397
Tumbes,2019,vacuno,685.0,22200.0,4510.0,151.88470066518846
Piura,2019,vacuno,7217.0,258181.0,47805.0,150.96747202175504
Lambayeque,2019,vacuno,3101.0,113602.0,21454.0,144.5418103850098
La Libertad,2019,vacuno,8227.0,235457.0,58195.0,141.36953346507434
Cajamarca,2019,vacuno,24659.0,655840.0,196668.0,125.383895702402
Amazonas,2019,vacuno,9172.0,247855.0,62118.0,147.65446408448437
Ancash,2019,vacuno,9831.0,306065.0,72763.0,135.10987727278976
Lima,2019,vacuno,21608.0,250851.0,113481.0,190.41072954944
Ica,2019,vacuno,1992.0,50530.0,13058.0,152.5501608209527
Huánuco,2019,vacuno,22966.0,292866.0,149251.0,153.8750159127912
Pasco,2019,vacuno,3680.0,119542.0,23223.0,158.4635921284933
Junín,2019,vacuno,7969.0,326506.0,61103.0,130.41912835703647
Huancavelica,2019,vacuno,3496.0,182010.0,29731.0,117.58770307086878
Arequipa,2019,vacuno,5490.0,212744.0,35096.0,156.4280829724185
Moquegua,2019,vacuno,749.0,23721.0,3495.0,214.30615164520745
Tacna,2019,vacuno,971.0,18884.0,5040.0,192.65873015873015
Ayacucho,2019,vacuno,12261.0,453426.0,97165.0,126.18741316317606
Apurímac,2019,vacuno,4670.0,296567.0,42496.0,109.89269578313252
Cusco,2019,vacuno,10865.0,439168.0,73001.0,148.83357762222434
Puno,2019,vacuno,21025.0,733260.0,146350.0,143.66245302357365
San Martín,2019,vacuno,6255.0,211843.0,56686.0,110.34470592386128
Loreto,2019,vacuno,1631.0,46190.0,13923.0,117.14429361488185
Ucayali,2019,vacuno,2026.0,45705.0,15802.0,128.2116187824326
Madre de Dios,2019,vacuno,2373.0,56880.0,14653.0,161.94635910735002
Tumbes,2018,vacuno,766.1093800000001,22050.0,4958.0,154.5198426784994
Piura,2018,vacuno,7147.388869232409,268181.0,45439.79632905506,157.2935938681185
Lambayeque,2018,vacuno,3129.9033699999995,112040.0,22165.0,141.20926550868484
La Libertad,2018,vacuno,7798.1064939,233412.0,55173.0,141.3391784731662
Cajamarca,2018,vacuno,24002.146639362,648080.0,192900.0,124.42792451716952
Amazonas,2018,vacuno,9086.613899999998,248100.0,61709.0,147.24941094491885
Ancash,2018,vacuno,9598.433914861118,306410.0,71244.0,134.72620732779066
Lima,2018,vacuno,21736.415914,255851.0,115837.0,187.6465715962948
Ica,2018,vacuno,1820.1095781,49144.0,11880.0,153.20787694444445
Huánuco,2018,vacuno,21637.881412500003,293320.0,146932.0,147.2645945913756
Pasco,2018,vacuno,3519.7077510000004,119420.0,22594.0,155.78063870939187
Junín,2018,vacuno,9436.897333054583,331426.0,75790.0,124.513752910075
Huancavelica,2018,vacuno,3629.77434522,173620.0,31298.0,115.9746419969327
Arequipa,2018,vacuno,5557.974,218640.0,34646.0,160.42180915545805
Moquegua,2018,vacuno,769.5131000000001,23571.0,3536.0,217.62248303167425
Tacna,2018,vacuno,956.43483206,18884.0,4960.0,192.8296032379032
Ayacucho,2018,vacuno,11171.539800000002,438152.0,89704.0,124.53781102291984
Apurímac,2018,vacuno,4685.46,296843.0,42220.0,110.97726196115586
Cusco,2018,vacuno,10303.70901,429684.0,69027.0,149.27070581076967
Puno,2018,vacuno,20863.91,729965.0,145300.0,143.5919476944253
San Martín,2018,vacuno,6288.318345720001,210120.0,57922.0,108.56528341079384
Loreto,2018,vacuno,1573.37323,45510.0,13930.0,112.94854486719312
Ucayali,2018,vacuno,1967.1683298,45720.0,15092.0,130.34510534057782
Madre de Dios,2018,vacuno,2256.2058163,57340.0,13908.0,162.22359910123672
Tumbes,2017,vacuno,880.4680799999999,22350.0,5673.0,155.2032575356954
Piura,2017,vacuno,7680.168920111729,276247.0,45661.07814962618,168.19946508807098
Lambayeque,2017,vacuno,3077.747592,113514.0,22198.0,138.6497698891792
La Libertad,2017,vacuno,7660.4258209,237501.0,54880.0,139.58501860240523
Cajamarca,2017,vacuno,26793.983424934,645182.0,210048.0,127.56124040664038
Amazonas,2017,vacuno,8885.0825988,247610.0,59675.0,148.89120400167573
Ancash,2017,vacuno,9018.747254941693,305720.0,70685.0,127.59068055374824
Lima,2017,vacuno,21841.7267418,245851.0,116208.0,187.95372729760436
Ica,2017,vacuno,2006.470458,50124.0,12350.0,162.46724356275303
Huánuco,2017,vacuno,18494.84329238504,292412.0,120539.0,153.43451739590537
Pasco,2017,vacuno,3407.312800072,119663.0,21814.0,156.19844137122948
Junín,2017,vacuno,9510.63198,321586.0,77250.0,123.11497708737863
Huancavelica,2017,vacuno,3884.489852700001,174439.0,33790.0,114.95974704646346
Arequipa,2017,vacuno,5488.074,205693.0,34053.0,161.16271694123864
Moquegua,2017,vacuno,985.77915,23870.0,4227.0,233.2101135557133
Tacna,2017,vacuno,969.5097,18884.0,5042.0,192.28673145577156
Ayacucho,2017,vacuno,11418.18549,431096.0,88827.0,128.54408558208652
Apurímac,2017,vacuno,4698.72,296290.0,42914.0,109.49154122197884
Cusco,2017,vacuno,9850.47099,423941.0,68573.0,143.6494099718548
Puno,2017,vacuno,20417.866,721050.0,142455.0,143.32853181706506
San Martín,2017,vacuno,5800.8475186000005,213566.0,53557.0,108.31165895401162
Loreto,2017,vacuno,1503.3728999999998,46870.0,10718.0,140.26617839149094
Ucayali,2017,vacuno,2015.931315,45690.0,15677.0,128.59165114498947
Madre de Dios,2017,vacuno,2389.3683039,56420.0,14409.0,165.82471399125546
Tumbes,2024,caprino,235.8237,78919.0,21954.0,10.74171904892047
Piura,2024,caprino,1385.0618640200644,323221.0,97958.0,14.139319385001274
Lambayeque,2024,caprino,267.1634,104933.0,17957.0,14.877952887453365
La Libertad,2024,caprino,470.4645200000001,85406.0,35659.0,13.193429989623942
Cajamarca,2024,caprino,232.62599,104655.0,21386.0,10.877489479098475
Amazonas,2024,caprino,64.57019999999999,15675.0,5132.0,12.581878409976614
Ancash,2024,caprino,213.49165782215357,168104.0,21885.0,9.75525528349726
Lima,2024,caprino,475.49328,160346.0,39384.0,12.073260207190735
Ica,2024,caprino,299.14561999999995,79929.0,21374.0,13.99577149808178
Huánuco,2024,caprino,260.25512000000003,101634.0,27535.0,9.451792990739062
Pasco,2024,caprino,13.51020172655,6402.0,1235.0,10.935722218783704
Junín,2024,caprino,43.4896,16063.0,4172.0,10.424161073825504
Huancavelica,2024,caprino,270.486,187149.0,19294.0,14.019176946200892
Arequipa,2024,caprino,96.5828,29379.0,8197.0,11.782700988166402
Moquegua,2024,caprino,15.455268714334702,8299.0,1040.0,14.862318372578011
Tacna,2024,caprino,91.43886666666666,17006.0,6008.0,15.219518419884595
Ayacucho,2024,caprino,293.401,134961.0,23826.0,12.314320490220767
Apurímac,2024,caprino,168.90019999999998,104351.0,14110.0,11.97024805102764
Cusco,2024,caprino,54.27409999999999,22168.0,4697.0,11.555056418990842
Puno,2024,caprino,0.0,0.0,0.0,0.0
San Martín,2024,caprino,0.0,0.0,0.0,0.0
Loreto,2024,caprino,0.30936,227.0,0.0,0.0
Ucayali,2024,caprino,0.0,194.0,0.0,0.0
Madre de Dios,2024,caprino,0.0,242.0,0.0,0.0
Tumbes,2023,caprino,245.68,94086.0,24128.0,10.182360742705573
Piura,2023,caprino,1350.8056408929183,296221.0,93179.2366780278,14.496852400288509
Lambayeque,2023,caprino,275.605781,105365.0,19240.0,14.324624792099792
La Libertad,2023,caprino,465.71014800000006,84406.0,35316.0,13.186944954128442
Cajamarca,2023,caprino,239.55155900000003,105217.0,21746.7,11.015536104328476
Amazonas,2023,caprino,60.24289999999999,15271.0,4775.0,12.616314136125652
Ancash,2023,caprino,207.69611122036457,168033.0,20958.0,9.910111232959473
Lima,2023,caprino,462.398488,159255.0,36612.0,12.629697585491096
Ica,2023,caprino,307.7304122964286,80874.0,22475.0,13.69212068059749
Huánuco,2023,caprino,244.6914830031034,101647.0,24868.0,9.839612473986788
Pasco,2023,caprino,12.9481280474,6396.0,1160.0,11.162179351206898
Junín,2023,caprino,40.0528,17118.0,3855.0,10.38983138780804
Huancavelica,2023,caprino,278.35328000000004,186954.0,19096.0,14.576522832006704
Arequipa,2023,caprino,118.53600000000002,31937.0,10081.0,11.758357305822836
Moquegua,2023,caprino,14.910489086571005,8305.0,966.0,15.43528890949379
Tacna,2023,caprino,89.34098390481927,17078.0,5960.0,14.99009797060726
Ayacucho,2023,caprino,298.3384,159445.0,24656.0,12.100032446463334
Apurímac,2023,caprino,174.25475400000002,108213.0,15736.47,11.073306402261752
Cusco,2023,caprino,53.82720000000001,18142.0,4158.0,12.945454545454549
Puno,2023,caprino,0.0,0.0,0.0,0.0
San Martín,2023,caprino,0.0,0.0,0.0,0.0
Loreto,2023,caprino,0.3136799999999999,296.0,29.1256,10.7699068860384
Ucayali,2023,caprino,0.0,186.0,0.0,0.0
Madre de Dios,2023,caprino,0.0,220.0,0.0,0.0
Tumbes,2022,caprino,191.45,63751.0,18318.0,10.451468500928048
Piura,2022,caprino,1350.55,317861.0,96548.2,13.988349860484194
Lambayeque,2022,caprino,295.09,104500.0,17887.0,16.49745625314474
La Libertad,2022,caprino,460.07,85926.0,34765.0,13.233712066733784
Cajamarca,2022,caprino,250.02,104167.0,24415.0,10.240425967642844
Amazonas,2022,caprino,57.72,14827.0,4582.0,12.59711916193802
Ancash,2022,caprino,205.74,168174.0,20332.0,10.119024198308086
Lima,2022,caprino,457.35,163437.0,35626.0,12.83753438499972
Ica,2022,caprino,306.5,79847.0,23441.0,13.075380743142356
Huánuco,2022,caprino,243.95,101621.0,24833.0,9.823621793581122
Pasco,2022,caprino,12.29,6407.0,1038.0,11.840077071290942
Junín,2022,caprino,41.9,14570.0,4040.0,10.37128712871287
Huancavelica,2022,caprino,286.69,187344.0,21540.4,13.3094092960205
Arequipa,2022,caprino,127.94,22203.0,10885.0,11.753789618741386
Moquegua,2022,caprino,14.22,8300.0,847.0,16.78866587957497
Tacna,2022,caprino,85.22,17091.0,5850.0,14.567521367521367
Ayacucho,2022,caprino,305.79,170476.0,25058.0,12.203288370979328
Apurímac,2022,caprino,182.59,108239.0,16083.0,11.35298140894112
Cusco,2022,caprino,53.84,28194.0,4175.0,12.895808383233533
Puno,2022,caprino,0.0,0.0,0.0,0.0
San Martín,2022,caprino,0.0,0.0,0.0,0.0
Loreto,2022,caprino,0.33,285.0,30.1,10.963455149501662
Ucayali,2022,caprino,0.0,180.0,0.0,0.0
Madre de Dios,2022,caprino,0.0,215.0,0.0,0.0
Tumbes,2021,caprino,188.9932,63678.0,18005.0,10.496706470424884
Piura,2021,caprino,1330.3794054478358,305413.08665009995,91624.2511753779,14.519948467588105
Lambayeque,2021,caprino,312.3997986782023,105680.0,20843.36,14.987976923020195
La Libertad,2021,caprino,472.119231664,86812.0,37305.0,12.655655586757808
Cajamarca,2021,caprino,248.711331,106195.0,23407.0,10.625510787371296
Amazonas,2021,caprino,54.0548,14397.0,4290.0,12.60018648018648
Ancash,2021,caprino,205.29895418853133,167891.0,20114.0,10.20676912541172
Lima,2021,caprino,472.981216,158415.0,35830.0,13.200703767792351
Ica,2021,caprino,294.0511090326323,75606.0,23824.4241813602,12.342422498617724
Huánuco,2021,caprino,248.2274,101673.0,24055.0,10.319160257742672
Pasco,2021,caprino,11.868504,6384.0,1037.0,11.445037608486018
Junín,2021,caprino,38.0512,14890.0,3716.0,10.239827771797632
Huancavelica,2021,caprino,294.88437,186563.0,22844.3,12.908444119539666
Arequipa,2021,caprino,121.9736,26786.0,10325.0,11.813423728813556
Moquegua,2021,caprino,14.305326,8310.0,847.0,16.889404958677687
Tacna,2021,caprino,82.8304,17064.0,5682.0,14.577683914114749
Ayacucho,2021,caprino,317.71349,171647.0,25825.0,12.302555275895449
Apurímac,2021,caprino,185.05545,108668.0,16519.3,11.202378430078758
Cusco,2021,caprino,53.784000000000006,28204.0,4169.0,12.900935476133366
Puno,2021,caprino,0.0,0.0,0.0,0.0
San Martín,2021,caprino,0.0,0.0,0.0,0.0
Loreto,2021,caprino,0.102,290.0,29.0,3.517241379310345
Ucayali,2021,caprino,0.0,182.0,0.0,0.0
Madre de Dios,2021,caprino,0.0,220.0,0.0,0.0
Tumbes,2020,caprino,203.8611310115261,63823.0,18938.32,10.764478106375122
Piura,2020,caprino,1306.8469799450602,330308.0,95060.0,13.747601303861352
Lambayeque,2020,caprino,344.65964319650925,105050.0,22921.44,15.036561542228991
La Libertad,2020,caprino,455.7058,88812.0,37143.0,12.268955119403389
Cajamarca,2020,caprino,256.9221592,106138.0,23891.62,10.75365166531194
Amazonas,2020,caprino,52.8744,14397.0,4182.0,12.643328550932567
Ancash,2020,caprino,213.96908,168457.0,19925.0,10.738724215809285
Lima,2020,caprino,498.625108,168458.0,37543.0,13.281440161947632
Ica,2020,caprino,280.42020800000006,75149.0,19360.0,14.48451487603306
Huánuco,2020,caprino,239.1642,101568.0,23261.0,10.28176776578823
Pasco,2020,caprino,10.998072,6430.0,955.0,11.516305759162304
Junín,2020,caprino,35.76487227862564,13304.0,3158.0,11.325165382718696
Huancavelica,2020,caprino,308.57288,188124.0,23386.680000000004,13.194385864090156
Arequipa,2020,caprino,114.62359999999998,26786.0,9386.0,12.212188365650968
Moquegua,2020,caprino,12.62615,8289.0,759.0,16.63524374176548
Tacna,2020,caprino,81.9812,17118.0,5507.0,14.88672598510986
Ayacucho,2020,caprino,297.7312,180518.0,25403.0,11.72031649805141
Apurímac,2020,caprino,190.086522,107810.0,18028.52,10.543656495375105
Cusco,2020,caprino,51.586000000000006,30039.0,4023.0,12.822769077802636
Puno,2020,caprino,0.0,0.0,0.0,0.0
San Martín,2020,caprino,0.0,0.0,0.0,0.0
Loreto,2020,caprino,0.3344299999999999,291.0,34.0,0.0
Ucayali,2020,caprino,0.0,178.0,0.0,0.0
Madre de Dios,2020,caprino,0.0,210.0,0.0,0.0
Tumbes,2019,caprino,220.0,65320.0,22337.0,9.849129247436988
Piura,2019,caprino,1283.0,330221.0,93286.0,13.753403511780974
Lambayeque,2019,caprino,375.0,106151.0,26996.0,13.89094680693436
La Libertad,2019,caprino,437.0,91388.0,35654.0,12.256689291524092
Cajamarca,2019,caprino,296.0,107350.0,28924.0,10.23371594523579
Amazonas,2019,caprino,60.0,12575.0,4816.0,12.458471760797345
Ancash,2019,caprino,219.0,169698.0,20509.0,10.678238821980594
Lima,2019,caprino,533.0,169383.0,40739.0,13.083286285868578
Ica,2019,caprino,247.0,75880.0,17363.0,14.225652249035305
Huánuco,2019,caprino,237.0,102260.0,23327.0,10.159900544433487
Pasco,2019,caprino,12.0,6345.0,1059.0,11.3314447592068
Junín,2019,caprino,44.0,10833.0,3585.0,12.273361227336125
Huancavelica,2019,caprino,335.0,181228.0,25727.0,13.021339448828078
Arequipa,2019,caprino,130.0,16611.0,10335.0,12.57861635220126
Moquegua,2019,caprino,10.0,8333.0,689.0,14.51378809869376
Tacna,2019,caprino,76.0,17080.0,5343.0,14.224218603780647
Ayacucho,2019,caprino,341.0,192115.0,28248.0,12.071651090342678
Apurímac,2019,caprino,195.0,109518.0,18390.0,10.603588907014682
Cusco,2019,caprino,50.0,34907.0,3901.0,12.81722635221738
Puno,2019,caprino,0.0,0.0,0.0,0.0
San Martín,2019,caprino,0.0,0.0,0.0,0.0
Loreto,2019,caprino,0.4,375.0,35.0,0.0
Ucayali,2019,caprino,0.0,170.0,0.0,0.0
Madre de Dios,2019,caprino,0.0,220.0,0.0,0.0
Tumbes,2018,caprino,272.7064,68210.0,25750.0,10.59053980582524
Piura,2018,caprino,1128.1976054542065,346221.0,86590.82462095999,13.0290664212143
Lambayeque,2018,caprino,416.280496,90560.0,27998.0,14.868222587327669
La Libertad,2018,caprino,450.508788,84588.0,36726.0,12.266753471654958
Cajamarca,2018,caprino,249.64735,103252.0,28894.0,8.64011040354399
Amazonas,2018,caprino,57.18000000000001,12510.0,4572.0,12.506561679790028
Ancash,2018,caprino,217.5312,169785.0,20565.0,10.577738876732312
Lima,2018,caprino,532.94884,165431.0,40586.0,13.131346769822107
Ica,2018,caprino,198.15145600000005,77013.0,14133.0,14.020480860397656
Huánuco,2018,caprino,251.26112,102350.0,25971.0,9.67468022024566
Pasco,2018,caprino,12.937988,6517.0,1109.0,11.666355275022545
Junín,2018,caprino,56.122449252436176,10985.0,5357.0,10.476469899652075
Huancavelica,2018,caprino,309.38284,172240.0,24103.0,12.835864415218024
Arequipa,2018,caprino,169.48420000000002,22976.0,13680.0,12.38919590643275
Moquegua,2018,caprino,10.0484,8319.0,647.0,15.530757341576509
Tacna,2018,caprino,73.58560000000001,17155.0,5170.0,14.233191489361705
Ayacucho,2018,caprino,324.4508,207710.0,27672.0,11.724877132119111
Apurímac,2018,caprino,191.035,109305.0,17431.0,10.959497447077045
Cusco,2018,caprino,43.9672,35775.0,3524.0,12.476503972758229
Puno,2018,caprino,0.0,0.0,0.0,0.0
San Martín,2018,caprino,0.0,0.0,0.0,0.0
Loreto,2018,caprino,0.88,368.0,88.0,0.0
Ucayali,2018,caprino,0.0,160.0,0.0,0.0
Madre de Dios,2018,caprino,0.0,200.0,0.0,0.0
Tumbes,2017,caprino,378.4136000000001,62430.0,32867.0,11.513481607691608
Piura,2017,caprino,1376.533923657266,345496.0,94622.26375054765,14.547674818753205
Lambayeque,2017,caprino,455.5305857600002,91548.0,30600.0,14.886620449673208
La Libertad,2017,caprino,506.564376,98187.0,37209.0,13.61402821897928
Cajamarca,2017,caprino,233.79401917209128,99202.0,28609.0,8.172044432594333
Amazonas,2017,caprino,56.85920000000001,12640.0,4507.0,12.615753272686932
Ancash,2017,caprino,213.53680000000003,169610.0,20432.0,10.451096319498827
Lima,2017,caprino,602.6347840000001,167335.0,48379.0,12.45653659645714
Ica,2017,caprino,211.30357200000003,78925.0,14913.0,14.169085495876082
Huánuco,2017,caprino,241.61996,102170.0,26502.0,9.117046260659572
Pasco,2017,caprino,13.546632,6173.0,1189.0,11.393298570227085
Junín,2017,caprino,47.738800000000005,10680.0,4659.0,10.246576518566217
Huancavelica,2017,caprino,369.225894,171566.0,28698.0,12.865910307338488
Arequipa,2017,caprino,178.3694,20736.0,15642.0,11.40323488045007
Moquegua,2017,caprino,13.3848,8347.0,861.0,15.545644599303136
Tacna,2017,caprino,71.8956,17155.0,5022.0,14.316129032258065
Ayacucho,2017,caprino,336.17800000000005,204583.0,28342.0,11.861477665655212
Apurímac,2017,caprino,194.48,109650.0,18043.0,10.778695338912597
Cusco,2017,caprino,45.3856,37566.0,3693.0,12.289629027890603
Puno,2017,caprino,0.0,0.0,0.0,0.0
San Martín,2017,caprino,0.0,0.0,0.0,0.0
Loreto,2017,caprino,0.102,360.0,10.0,0.0
Ucayali,2017,caprino,0.0,0.0,0.0,0.0
Madre de Dios,2017,caprino,0.0,0.0,0.0,0.0
Tumbes,2024,alpaca,0.0,0.0,0.0,0.0
Piura,2024,alpaca,0.0,118.0,0.0,0.0
Lambayeque,2024,alpaca,0.0,0.0,0.0,0.0
La Libertad,2024,alpaca,51.1945515,7669.0,1649.0,31.045816555488177
Cajamarca,2024,alpaca,0.0,1206.0,0.0,0.0
Amazonas,2024,alpaca,0.0,0.0,0.0,0.0
Ancash,2024,alpaca,13.80894385803846,11114.0,578.0,23.8715957660762
Lima,2024,alpaca,103.11423,48722.0,3513.0,29.352186165670368
Ica,2024,alpaca,0.0,0.0,0.0,0.0
Huánuco,2024,alpaca,44.585475,6932.0,1788.0,24.935947986577176
Pasco,2024,alpaca,437.8556023479897,132253.0,18555.0,23.597367952936825
Junín,2024,alpaca,339.03090000000003,124380.0,15345.0,22.093900293255132
Huancavelica,2024,alpaca,495.6552,268724.0,19399.0,25.550554152275893
Arequipa,2024,alpaca,1216.3823,487250.0,49512.0,24.567424058814023
Moquegua,2024,alpaca,142.26160002865004,145767.0,5252.0,27.084826598319683
Tacna,2024,alpaca,284.172924,79882.0,10169.0,27.94502153604091
Ayacucho,2024,alpaca,751.0714,323317.0,29343.0,25.59627168319531
Apurímac,2024,alpaca,489.2559,213451.0,19385.0,25.238890895021925
Cusco,2024,alpaca,2615.3732999999997,677045.0,95196.0,27.47356296483045
Puno,2024,alpaca,6025.683999999999,2017990.0,211510.0,28.488884686303248
San Martín,2024,alpaca,0.0,0.0,0.0,0.0
Loreto,2024,alpaca,0.0,0.0,0.0,0.0
Ucayali,2024,alpaca,0.0,0.0,0.0,0.0
Madre de Dios,2024,alpaca,0.0,0.0,0.0,0.0
Tumbes,2023,alpaca,0.0,0.0,0.0,0.0
Piura,2023,alpaca,0.0,105.0,0.0,0.0
Lambayeque,2023,alpaca,0.0,0.0,0.0,0.0
La Libertad,2023,alpaca,43.81430956568642,8015.0,1403.0,31.229016083881984
Cajamarca,2023,alpaca,0.0,1193.0,0.0,0.0
Amazonas,2023,alpaca,0.0,0.0,0.0,0.0
Ancash,2023,alpaca,13.007080300476147,11119.0,523.0,24.87013441773642
Lima,2023,alpaca,100.17148500000002,46625.0,3449.0,29.043631487387653
Ica,2023,alpaca,0.0,0.0,0.0,0.0
Huánuco,2023,alpaca,43.44503903392706,6988.0,1643.0,26.442507020040814
Pasco,2023,alpaca,416.0740607926916,131076.0,18075.0,23.019311800425537
Junín,2023,alpaca,331.5429,121987.0,14741.0,22.491208194830744
Huancavelica,2023,alpaca,499.23944000000006,269108.0,20113.79,24.820754318306
Arequipa,2023,alpaca,1192.7976,471885.0,48628.0,24.52902854322613
Moquegua,2023,alpaca,136.7632242429068,146156.0,4933.0,27.72414843764581
Tacna,2023,alpaca,264.9516172936678,79091.0,9574.0,27.674077427790667
Ayacucho,2023,alpaca,745.23915,267415.0,29405.0,25.343960210848493
Apurímac,2023,alpaca,501.9239794999999,213848.0,20385.29,24.62187094223334
Cusco,2023,alpaca,2597.0751,672042.0,96769.0,26.837882999720986
Puno,2023,alpaca,5959.4952,2037185.0,213605.0,27.899605346316804
San Martín,2023,alpaca,0.0,0.0,0.0,0.0
Loreto,2023,alpaca,0.0,0.0,0.0,0.0
Ucayali,2023,alpaca,0.0,0.0,0.0,0.0
Madre de Dios,2023,alpaca,0.0,0.0,0.0,0.0
Tumbes,2022,alpaca,0.0,0.0,0.0,0.0
Piura,2022,alpaca,0.0,95.0,0.0,0.0
Lambayeque,2022,alpaca,0.0,0.0,0.0,0.0
La Libertad,2022,alpaca,41.37,7391.0,1322.9,31.272205004157527
Cajamarca,2022,alpaca,0.0,1189.0,0.0,0.0
Amazonas,2022,alpaca,0.0,0.0,0.0,0.0
Ancash,2022,alpaca,12.34,11297.0,479.0,25.762004175365345
Lima,2022,alpaca,79.53,46890.0,2849.0,27.915057915057915
Ica,2022,alpaca,0.0,0.0,0.0,0.0
Huánuco,2022,alpaca,41.9,6675.0,1665.0,25.165165165165167
Pasco,2022,alpaca,406.21,131131.0,17941.0,22.641435817401483
Junín,2022,alpaca,319.14,108413.0,14265.0,22.37223974763407
Huancavelica,2022,alpaca,514.42,268891.0,19986.0,25.73901731211848
Arequipa,2022,alpaca,1127.53,478172.0,45975.0,24.52485046220772
Moquegua,2022,alpaca,134.96,143990.0,4667.0,28.917934433254768
Tacna,2022,alpaca,247.63,77054.0,8763.0,28.258587241812165
Ayacucho,2022,alpaca,864.23,294675.0,33353.1,25.911534460065184
Apurímac,2022,alpaca,525.54,213474.0,20060.0,26.19840478564307
Cusco,2022,alpaca,2566.01,673455.0,95074.0,26.98960809474725
Puno,2022,alpaca,5872.93,2071135.0,209810.0,27.99165912015633
San Martín,2022,alpaca,0.0,0.0,0.0,0.0
Loreto,2022,alpaca,0.0,0.0,0.0,0.0
Ucayali,2022,alpaca,0.0,0.0,0.0,0.0
Madre de Dios,2022,alpaca,0.0,0.0,0.0,0.0
Tumbes,2021,alpaca,0.0,0.0,0.0,0.0
Piura,2021,alpaca,0.0,98.0,0.0,0.0
Lambayeque,2021,alpaca,0.0,0.0,0.0,0.0
La Libertad,2021,alpaca,43.97782275,7131.0,1412.0,31.14576682011332
Cajamarca,2021,alpaca,0.0,1196.0,0.0,0.0
Amazonas,2021,alpaca,0.0,0.0,0.0,0.0
Ancash,2021,alpaca,12.328674744248964,10940.0,433.0,28.472689940528785
Lima,2021,alpaca,88.68901999999999,46625.0,3031.0,29.260646651270203
Ica,2021,alpaca,0.0,0.0,0.0,0.0
Huánuco,2021,alpaca,42.666525,6701.0,1641.0,26.000319926873857
Pasco,2021,alpaca,404.7461235,131020.0,17614.0,22.978660355399118
Junín,2021,alpaca,289.99305000000004,105903.0,12866.0,22.5394877972952
Huancavelica,2021,alpaca,525.6352100000001,269324.0,20305.0,25.886983994090134
Arequipa,2021,alpaca,1067.4587,471546.0,43535.0,24.519552084529685
Moquegua,2021,alpaca,130.299194,144322.0,4395.0,29.64714311717861
Tacna,2021,alpaca,244.81125000000003,77128.0,8516.0,28.74721113198685
Ayacucho,2021,alpaca,804.4602850000001,296478.0,30611.0,26.280104700924507
Apurímac,2021,alpaca,540.488147,212220.0,21097.4,25.61870879824054
Cusco,2021,alpaca,2544.53355,673731.0,94213.0,27.00830617855285
Puno,2021,alpaca,5841.149699999999,2030525.0,209955.0,27.82096020575837
San Martín,2021,alpaca,0.0,0.0,0.0,0.0
Loreto,2021,alpaca,0.0,0.0,0.0,0.0
Ucayali,2021,alpaca,0.0,0.0,0.0,0.0
Madre de Dios,2021,alpaca,0.0,0.0,0.0,0.0
Tumbes,2020,alpaca,0.0,0.0,0.0,0.0
Piura,2020,alpaca,0.0,92.0,0.0,0.0
Lambayeque,2020,alpaca,0.0,0.0,0.0,0.0
La Libertad,2020,alpaca,43.434243,7650.0,1394.0,31.157993543758963
Cajamarca,2020,alpaca,0.0,1181.0,0.0,0.0
Amazonas,2020,alpaca,0.0,0.0,0.0,0.0
Ancash,2020,alpaca,10.036891431342012,11654.0,391.0,25.669799057140697
Lima,2020,alpaca,73.47343500000001,46625.0,2694.0,27.272989977728287
Ica,2020,alpaca,0.0,0.0,0.0,0.0
Huánuco,2020,alpaca,34.68104,6648.0,1317.0,26.333363705391044
Pasco,2020,alpaca,358.6601565,131241.0,16380.0,21.89622445054945
Junín,2020,alpaca,251.0172,100923.0,11213.0,22.38626594131811
Huancavelica,2020,alpaca,524.9230415000001,268457.0,20189.91,25.999275950214734
Arequipa,2020,alpaca,1016.1709,471737.0,41394.0,24.5487486109098
Moquegua,2020,alpaca,119.56921,143658.0,3828.0,31.235425809822367
Tacna,2020,alpaca,234.88195,76980.0,8252.0,28.46363911778963
Ayacucho,2020,alpaca,964.6155,295233.0,35844.0,26.91149146300636
Apurímac,2020,alpaca,548.2904,214727.0,22604.525,24.255780645689303
Cusco,2020,alpaca,2385.7074,675889.0,89538.0,26.64463579709174
Puno,2020,alpaca,5797.168499999999,2039330.0,209190.0,27.712455184282227
San Martín,2020,alpaca,0.0,0.0,0.0,0.0
Loreto,2020,alpaca,0.0,0.0,0.0,0.0
Ucayali,2020,alpaca,0.0,0.0,0.0,0.0
Madre de Dios,2020,alpaca,0.0,0.0,0.0,0.0
Tumbes,2019,alpaca,0.0,0.0,0.0,0.0
Piura,2019,alpaca,0.0,100.0,0.0,0.0
Lambayeque,2019,alpaca,0.0,0.0,0.0,0.0
La Libertad,2019,alpaca,43.0,7710.0,1377.0,31.22730573710966
Cajamarca,2019,alpaca,0.0,1190.0,0.0,0.0
Amazonas,2019,alpaca,0.0,0.0,0.0,0.0
Ancash,2019,alpaca,11.0,10200.0,390.0,28.205128205128204
Lima,2019,alpaca,76.0,46625.0,2831.0,26.845637583892614
Ica,2019,alpaca,0.0,0.0,0.0,0.0
Huánuco,2019,alpaca,34.0,6760.0,1256.0,27.07006369426752
Pasco,2019,alpaca,361.0,130778.0,15701.0,22.992166104069803
Junín,2019,alpaca,281.0,94111.0,12751.0,22.0374872559015
Huancavelica,2019,alpaca,564.0,270053.0,22349.0,25.23602845764911
Arequipa,2019,alpaca,926.0,430134.0,37588.0,24.63552197509844
Moquegua,2019,alpaca,127.0,144970.0,4117.0,30.84770463930046
Tacna,2019,alpaca,226.0,77057.0,7956.0,28.40623428858723
Ayacucho,2019,alpaca,1193.0,309833.0,44781.0,26.640762823518905
Apurímac,2019,alpaca,556.0,215340.0,22860.0,24.321959755030623
Cusco,2019,alpaca,2397.0,669365.0,90127.0,26.595803699224422
Puno,2019,alpaca,5784.0,2035280.0,209199.0,27.64831571852638
San Martín,2019,alpaca,0.0,0.0,0.0,0.0
Loreto,2019,alpaca,0.0,0.0,0.0,0.0
Ucayali,2019,alpaca,0.0,0.0,0.0,0.0
Madre de Dios,2019,alpaca,0.0,0.0,0.0,0.0
Tumbes,2018,alpaca,0.0,0.0,0.0,0.0
Piura,2018,alpaca,0.0,97.0,0.0,0.0
Lambayeque,2018,alpaca,0.0,0.0,0.0,0.0
La Libertad,2018,alpaca,38.918412,7562.0,1259.0,30.912162033359813
Cajamarca,2018,alpaca,0.0,1173.0,0.0,0.0
Amazonas,2018,alpaca,0.0,0.0,0.0,0.0
Ancash,2018,alpaca,10.847842888888888,10080.0,381.0,28.47202857976086
Lima,2018,alpaca,75.19440000000002,46870.0,2841.0,26.46758183738121
Ica,2018,alpaca,0.0,0.0,0.0,0.0
Huánuco,2018,alpaca,29.727000000000004,6670.0,1137.0,26.14511873350924
Pasco,2018,alpaca,364.390151,128330.0,15428.0,23.61875492610837
Junín,2018,alpaca,323.89341305925655,96543.0,11575.0,27.982152316134474
Huancavelica,2018,alpaca,662.7696583999999,263410.0,25355.0,26.139603959771247
Arequipa,2018,alpaca,1116.5721,422680.0,41142.0,27.139470613971127
Moquegua,2018,alpaca,143.4877,144630.0,4610.0,31.12531453362256
Tacna,2018,alpaca,209.51915,75869.0,7332.0,28.575988816148385
Ayacucho,2018,alpaca,1085.84145,259727.0,41197.0,26.357294220452943
Apurímac,2018,alpaca,562.388,215600.0,22643.0,24.837168219758865
Cusco,2018,alpaca,2310.0970500000003,671585.0,85680.0,26.961917016806723
Puno,2018,alpaca,5755.731000000001,2034020.0,209884.0,27.423391015989782
San Martín,2018,alpaca,0.0,0.0,0.0,0.0
Loreto,2018,alpaca,0.0,0.0,0.0,0.0
Ucayali,2018,alpaca,0.0,0.0,0.0,0.0
Madre de Dios,2018,alpaca,0.0,0.0,0.0,0.0
Tumbes,2017,alpaca,0.0,0.0,0.0,0.0
Piura,2017,alpaca,0.0,79.0,0.0,0.0
Lambayeque,2017,alpaca,0.0,0.0,0.0,0.0
La Libertad,2017,alpaca,36.81384499999999,7851.0,1174.0,31.35761925042589
Cajamarca,2017,alpaca,0.0,1180.0,0.0,0.0
Amazonas,2017,alpaca,0.0,0.0,0.0,0.0
Ancash,2017,alpaca,9.978286644444442,10320.0,348.0,28.673237484035752
Lima,2017,alpaca,79.8585725,46625.0,2939.0,27.17202194624021
Ica,2017,alpaca,0.0,0.0,0.0,0.0
Huánuco,2017,alpaca,25.85925,6850.0,978.0,26.4409509202454
Pasco,2017,alpaca,321.3063425,133225.0,13273.0,24.207514691478934
Junín,2017,alpaca,321.3063,91678.0,14982.0,21.44615538646376
Huancavelica,2017,alpaca,782.790381,252713.0,30246.0,25.88079022019441
Arequipa,2017,alpaca,1189.0726,421292.0,47101.0,25.245166769283028
Moquegua,2017,alpaca,144.83970000000005,145310.0,4653.0,31.12823984526113
Tacna,2017,alpaca,182.46545,78245.0,6322.0,28.86198196773173
Ayacucho,2017,alpaca,1131.67737,209143.0,42540.0,26.60266502115656
Apurímac,2017,alpaca,569.1005,215050.0,22936.0,24.81254359958144
Cusco,2017,alpaca,2267.3146500000007,674939.0,83906.0,27.022080065787915
Puno,2017,alpaca,5686.50058,2036210.0,207665.0,27.38304760070305
San Martín,2017,alpaca,0.0,0.0,0.0,0.0
Loreto,2017,alpaca,0.0,0.0,0.0,0.0
Ucayali,2017,alpaca,0.0,0.0,0.0,0.0
Madre de Dios,2017,alpaca,0.0,0.0,0.0,0.0
Tumbes,2024,llama,0.0,0.0,0.0,0.0
Piura,2024,llama,0.0,0.0,0.0,0.0
Lambayeque,2024,llama,0.0,0.0,0.0,0.0
La Libertad,2024,llama,0.0,0.0,0.0,0.0
Cajamarca,2024,llama,0.0,0.0,0.0,0.0
Amazonas,2024,llama,0.0,0.0,0.0,0.0
Ancash,2024,llama,0.0,0.0,0.0,0.0
Lima,2024,llama,70.63409,17886.0,2175.0,32.47544367816092
Ica,2024,llama,0.0,0.0,0.0,0.0
Huánuco,2024,llama,0.0,3570.0,0.0,0.0
Pasco,2024,llama,129.74100584628502,45686.0,4273.0,30.36297819945823
Junín,2024,llama,245.59515,72513.0,9372.0,26.205201664532648
Huancavelica,2024,llama,246.2005,130683.0,7363.0,33.43752546516365
Arequipa,2024,llama,373.4091,97639.0,10787.0,34.61658477797349
Moquegua,2024,llama,66.18164464541555,37812.0,2130.0,31.067142998558737
Tacna,2024,llama,161.42228999999998,27860.0,5447.0,29.63508169634661
Ayacucho,2024,llama,158.53879999999998,79048.0,5888.0,26.925747282608693
Apurímac,2024,llama,275.10040000000004,73490.0,8940.0,30.771856823266223
Cusco,2024,llama,626.2488999999999,138750.0,19736.0,31.73129813538711
Puno,2024,llama,1608.755,331970.0,39555.0,40.671343698647455
San Martín,2024,llama,0.0,0.0,0.0,0.0
Loreto,2024,llama,0.0,0.0,0.0,0.0
Ucayali,2024,llama,0.0,0.0,0.0,0.0
Madre de Dios,2024,llama,0.0,0.0,0.0,0.0
Tumbes,2023,llama,0.0,0.0,0.0,0.0
Piura,2023,llama,0.0,0.0,0.0,0.0
Lambayeque,2023,llama,0.0,0.0,0.0,0.0
La Libertad,2023,llama,0.0,0.0,0.0,0.0
Cajamarca,2023,llama,0.0,0.0,0.0,0.0
Amazonas,2023,llama,0.0,0.0,0.0,0.0
Ancash,2023,llama,0.0,0.0,0.0,0.0
Lima,2023,llama,68.453325,18780.0,2120.0,32.28930424528302
Ica,2023,llama,0.0,0.0,0.0,0.0
Huánuco,2023,llama,0.0,3479.0,0.0,0.0
Pasco,2023,llama,129.9974803682673,44377.0,4437.0,29.298508083900675
Junín,2023,llama,256.83930000000004,74625.0,9188.0,27.953776665215504
Huancavelica,2023,llama,248.480073,129490.0,7834.0,31.718160965024257
Arequipa,2023,llama,461.2183,87938.0,13353.0,34.54042537257545
Moquegua,2023,llama,63.381679924,38208.0,1905.0,33.27122305721785
Tacna,2023,llama,153.4480507681571,28399.0,5408.0,28.3742697426326
Ayacucho,2023,llama,158.01255,78579.0,5640.0,28.016409574468085
Apurímac,2023,llama,278.84900700000003,72271.0,10090.0,27.636175123885035
Cusco,2023,llama,619.4330999999999,138750.0,20280.0,30.544038461538456
Puno,2023,llama,1583.1625,357075.0,39945.0,39.63355864313432
San Martín,2023,llama,0.0,0.0,0.0,0.0
Loreto,2023,llama,0.0,0.0,0.0,0.0
Ucayali,2023,llama,0.0,0.0,0.0,0.0
Madre de Dios,2023,llama,0.0,0.0,0.0,0.0
Tumbes,2022,llama,0.0,0.0,0.0,0.0
Piura,2022,llama,0.0,0.0,0.0,0.0
Lambayeque,2022,llama,0.0,0.0,0.0,0.0
La Libertad,2022,llama,0.0,0.0,0.0,0.0
Cajamarca,2022,llama,0.0,0.0,0.0,0.0
Amazonas,2022,llama,0.0,0.0,0.0,0.0
Ancash,2022,llama,0.0,0.0,0.0,0.0
Lima,2022,llama,59.7,19280.0,1963.0,30.412633723892004
Ica,2022,llama,0.0,0.0,0.0,0.0
Huánuco,2022,llama,0.0,3473.0,0.0,0.0
Pasco,2022,llama,122.04,44477.0,4193.0,29.105652277605536
Junín,2022,llama,248.49,64363.0,8850.0,28.07796610169492
Huancavelica,2022,llama,252.66,129392.0,8444.0,29.92183799147324
Arequipa,2022,llama,443.38,94914.0,12838.0,34.536532170119955
Moquegua,2022,llama,61.28,38357.0,1689.0,36.2818235642392
Tacna,2022,llama,149.23,28401.0,5134.0,29.06700428515777
Ayacucho,2022,llama,167.69,78476.0,5586.0,30.01969208736126
Apurímac,2022,llama,284.32,72260.0,10042.3,28.312239228065284
Cusco,2022,llama,614.58,139394.0,20037.0,30.67225632579728
Puno,2022,llama,1567.93,356625.0,39465.0,39.72963385278094
San Martín,2022,llama,0.0,0.0,0.0,0.0
Loreto,2022,llama,0.0,0.0,0.0,0.0
Ucayali,2022,llama,0.0,0.0,0.0,0.0
Madre de Dios,2022,llama,0.0,0.0,0.0,0.0
Tumbes,2021,llama,0.0,0.0,0.0,0.0
Piura,2021,llama,0.0,0.0,0.0,0.0
Lambayeque,2021,llama,0.0,0.0,0.0,0.0
La Libertad,2021,llama,0.0,0.0,0.0,0.0
Cajamarca,2021,llama,0.0,0.0,0.0,0.0
Amazonas,2021,llama,0.0,0.0,0.0,0.0
Ancash,2021,llama,0.0,0.0,0.0,0.0
Lima,2021,llama,63.390755000000006,18780.0,2126.0,29.81691204139229
Ica,2021,llama,0.0,0.0,0.0,0.0
Huánuco,2021,llama,0.0,3485.0,0.0,0.0
Pasco,2021,llama,119.081824,44276.0,4122.0,28.889331392527904
Junín,2021,llama,231.6708,63128.0,8361.0,27.708503767491923
Huancavelica,2021,llama,257.604357,129587.0,8199.3,31.41784749917676
Arequipa,2021,llama,435.1844,94372.0,12612.0,34.50558198541073
Moquegua,2021,llama,60.3646012,38059.0,1665.0,36.25501573573574
Tacna,2021,llama,144.84240000000003,28397.0,4938.0,29.332199270959908
Ayacucho,2021,llama,169.2683,78681.0,5520.0,30.66454710144928
Apurímac,2021,llama,285.362345,72280.0,10267.0,27.794131197039057
Cusco,2021,llama,614.9677499999999,144965.0,20127.0,30.554367267849155
Puno,2021,llama,1558.3015,359415.0,39745.0,39.20748521826645
San Martín,2021,llama,0.0,0.0,0.0,0.0
Loreto,2021,llama,0.0,0.0,0.0,0.0
Ucayali,2021,llama,0.0,0.0,0.0,0.0
Madre de Dios,2021,llama,0.0,0.0,0.0,0.0
Tumbes,2020,llama,0.0,0.0,0.0,0.0
Piura,2020,llama,0.0,0.0,0.0,0.0
Lambayeque,2020,llama,0.0,0.0,0.0,0.0
La Libertad,2020,llama,0.0,0.0,0.0,0.0
Cajamarca,2020,llama,0.0,0.0,0.0,0.0
Amazonas,2020,llama,0.0,0.0,0.0,0.0
Ancash,2020,llama,0.0,0.0,0.0,0.0
Lima,2020,llama,68.831775,19780.0,2296.0,29.978996080139368
Ica,2020,llama,0.0,0.0,0.0,0.0
Huánuco,2020,llama,0.0,3460.0,0.0,0.0
Pasco,2020,llama,107.9189665,46750.0,3856.0,27.987283843361
Junín,2020,llama,199.6704,65597.0,7247.0,27.55214571546847
Huancavelica,2020,llama,258.67530325,129197.66666666669,7612.86,33.97872852646706
Arequipa,2020,llama,380.5353,94372.0,11033.0,34.49064624308892
Moquegua,2020,llama,55.83951000000001,37865.0,1304.0,42.8217101226994
Tacna,2020,llama,137.097,27180.0,4656.0,29.44523195876289
Ayacucho,2020,llama,206.293707,78570.0,6966.0,29.614370801033598
Apurímac,2020,llama,283.57674,72240.0,9437.62,30.047484429337057
Cusco,2020,llama,574.8997499999999,148034.0,19393.0,29.644704274738302
Puno,2020,llama,1545.0135,369725.0,39884.0,38.73767676261158
San Martín,2020,llama,0.0,0.0,0.0,0.0
Loreto,2020,llama,0.0,0.0,0.0,0.0
Ucayali,2020,llama,0.0,0.0,0.0,0.0
Madre de Dios,2020,llama,0.0,0.0,0.0,0.0
Tumbes,2019,llama,0.0,0.0,0.0,0.0
Piura,2019,llama,0.0,0.0,0.0,0.0
Lambayeque,2019,llama,0.0,0.0,0.0,0.0
La Libertad,2019,llama,0.0,0.0,0.0,0.0
Cajamarca,2019,llama,0.0,0.0,0.0,0.0
Amazonas,2019,llama,0.0,0.0,0.0,0.0
Ancash,2019,llama,0.0,0.0,0.0,0.0
Lima,2019,llama,63.0,21780.0,2030.0,31.03448275862069
Ica,2019,llama,0.0,0.0,0.0,0.0
Huánuco,2019,llama,0.0,3513.0,0.0,0.0
Pasco,2019,llama,111.0,43880.0,3832.0,28.96659707724426
Junín,2019,llama,240.0,61081.0,8636.0,27.79064381658175
Huancavelica,2019,llama,269.0,131322.0,7899.0,34.054943663754905
Arequipa,2019,llama,324.0,88209.0,9379.0,34.54526068877279
Moquegua,2019,llama,59.0,38655.0,1353.0,43.60679970436068
Tacna,2019,llama,137.0,28405.0,4650.0,29.462365591397848
Ayacucho,2019,llama,252.0,79754.0,8451.0,29.818956336528224
Apurímac,2019,llama,284.0,72611.0,9923.0,28.62037690214653
Cusco,2019,llama,573.0,150801.0,19710.0,29.071537290715373
Puno,2019,llama,1537.0,369690.0,39927.0,38.49525383825481
San Martín,2019,llama,0.0,0.0,0.0,0.0
Loreto,2019,llama,0.0,0.0,0.0,0.0
Ucayali,2019,llama,0.0,0.0,0.0,0.0
Madre de Dios,2019,llama,0.0,0.0,0.0,0.0
Tumbes,2018,llama,0.0,0.0,0.0,0.0
Piura,2018,llama,0.0,0.0,0.0,0.0
Lambayeque,2018,llama,0.0,0.0,0.0,0.0
La Libertad,2018,llama,0.0,0.0,0.0,0.0
Cajamarca,2018,llama,0.0,0.0,0.0,0.0
Amazonas,2018,llama,0.0,0.0,0.0,0.0
Ancash,2018,llama,0.0,0.0,0.0,0.0
Lima,2018,llama,75.12011247999999,22126.0,2354.0,31.911687544604924
Ica,2018,llama,0.0,,0.0,0.0
Huánuco,2018,llama,0.0,3495.0,0.0,0.0
Pasco,2018,llama,119.035422,43590.0,4117.0,28.913145980082582
Junín,2018,llama,323.89341305925655,62556.0,11275.0,28.726688519667984
Huancavelica,2018,llama,339.2154002,128540.0,9733.0,34.8520908455769
Arequipa,2018,llama,354.3402,90122.0,10331.0,34.29873197173555
Moquegua,2018,llama,62.4806,38670.0,1454.0,42.97152682255845
Tacna,2018,llama,130.95499999999998,28405.0,4469.0,29.302976057283505
Ayacucho,2018,llama,244.08990000000009,82871.0,8081.0,30.205407746566024
Apurímac,2018,llama,286.218,72241.0,9623.0,29.743115452561568
Cusco,2018,llama,539.2174499999999,150238.0,18455.0,29.21795990246545
Puno,2018,llama,1528.2820000000002,370270.0,39834.0,38.36627002058543
San Martín,2018,llama,0.0,0.0,0.0,0.0
Loreto,2018,llama,0.0,0.0,0.0,0.0
Ucayali,2018,llama,0.0,0.0,0.0,0.0
Madre de Dios,2018,llama,0.0,0.0,0.0,0.0
Tumbes,2017,llama,0.0,0.0,0.0,0.0
Piura,2017,llama,0.0,0.0,0.0,0.0
Lambayeque,2017,llama,0.0,0.0,0.0,0.0
La Libertad,2017,llama,0.0,0.0,0.0,0.0
Cajamarca,2017,llama,0.0,0.0,0.0,0.0
Amazonas,2017,llama,0.0,0.0,0.0,0.0
Ancash,2017,llama,0.0,0.0,0.0,0.0
Lima,2017,llama,50.109622,21904.0,1597.0,31.377346274264244
Ica,2017,llama,0.0,0.0,0.0,0.0
Huánuco,2017,llama,1.2375,3530.0,45.0,27.5
Pasco,2017,llama,115.248112,44169.0,3896.0,29.58113757700205
Junín,2017,llama,272.73231,59605.0,9563.0,28.519534664854124
Huancavelica,2017,llama,375.8818770000001,127731.0,11023.0,34.099780186881986
Arequipa,2017,llama,380.4821999999999,87181.0,11994.0,31.722711355677838
Moquegua,2017,llama,77.2604,38640.0,1788.0,43.21051454138703
Tacna,2017,llama,129.123,28405.0,4418.0,29.226573110004527
Ayacucho,2017,llama,260.37225,85162.0,8586.0,30.325209643605877
Apurímac,2017,llama,291.4095,72980.0,9871.0,29.52178097457197
Cusco,2017,llama,525.5909999999999,142064.0,17966.0,29.25475898920182
Puno,2017,llama,1529.4008,394830.0,40001.0,38.23406414839629
San Martín,2017,llama,0.0,0.0,0.0,0.0
Loreto,2017,llama,0.0,0.0,0.0,0.0
Ucayali,2017,llama,0.0,0.0,0.0,0.0
Madre de Dios,2017,llama,0.0,0.0,0.0,0.0
