,especie/ producto,month,price,year
0,Ave,ene,7.047264070171436,2024
1,Ovino,ene,5.61398343744963,2024
2,Porcino,ene,7.233857205980845,2024
3,Vacuno,ene,5.848159715223739,2024
4,Caprino,ene,4.798561196050015,2024
5,Alpaca,ene,4.692714875396337,2024
6,Llama,ene,3.747450693539379,2024
7,Huevo gallina,ene,5.18706763206311,2024
8,Fibra alpaca,ene,14.93039893210863,2024
9,Fibra llama,ene,6.554988901777077,2024
10,Lana ovino,ene,7.011605076957704,2024
11,Ave,feb,7.059296518313275,2024
12,Ovino,feb,5.631596998499078,2024
13,Porcino,feb,7.2567083761696995,2024
14,Vacuno,feb,5.85672715550583,2024
15,Caprino,feb,4.825675905940072,2024
16,Alpaca,feb,4.748450323134981,2024
17,Llama,feb,3.8275032006338354,2024
18,Huevo gallina,feb,5.210454624260384,2024
19,Fibra alpaca,feb,14.826707353028965,2024
20,Fibra llama,feb,6.434929340858281,2024
21,Lana ovino,feb,6.814667740758862,2024
22,Ave,mar,7.095667264334756,2024
23,Ovino,mar,5.639205216011708,2024
24,Porcino,mar,7.280190728306726,2024
25,Vacuno,mar,5.874365219432128,2024
26,Caprino,mar,4.819926636355138,2024
27,Alpaca,mar,4.777757535479485,2024
28,Llama,mar,3.8566132271890203,2024
29,Huevo gallina,mar,5.220093485091926,2024
30,Fibra alpaca,mar,14.85238701627926,2024
31,Fibra llama,mar,6.529116637156806,2024
32,Lana ovino,mar,6.866789168687783,2024
33,Ave,abr,7.099790023014686,2024
34,Ovino,abr,5.661111857973027,2024
35,Porcino,abr,7.315829922460965,2024
36,Vacuno,abr,5.886076014089318,2024
37,Caprino,abr,4.824602336489329,2024
38,Alpaca,abr,4.822046173316906,2024
39,Llama,abr,3.903033270699929,2024
40,Huevo gallina,abr,5.228692264570082,2024
41,Fibra alpaca,abr,13.647168054397122,2024
42,Fibra llama,abr,6.030125460442236,2024
43,Lana ovino,abr,7.012499984890933,2024
44,Ave,may,7.108345047909596,2024
45,Ovino,may,5.665611759398065,2024
46,Porcino,may,7.31323705917149,2024
47,Vacuno,may,5.898961345214249,2024
48,Caprino,may,4.815951519731598,2024
49,Alpaca,may,4.809449844717881,2024
50,Llama,may,3.9063887101199892,2024
51,Huevo gallina,may,5.231422063200415,2024
52,Fibra alpaca,may,13.791153092212289,2024
53,Fibra llama,may,6.38452843423484,2024
54,Lana ovino,may,7.05204262102966,2024
55,Ave,jun,7.114189025591114,2024
56,Ovino,jun,5.671604077404574,2024
57,Porcino,jun,7.325568687055262,2024
58,Vacuno,jun,5.9180632043267725,2024
59,Caprino,jun,4.836061073146929,2024
60,Alpaca,jun,4.806702173547237,2024
61,Llama,jun,3.8865584501019548,2024
62,Huevo gallina,jun,5.23670839668378,2024
63,Fibra alpaca,jun,14.072384206070124,2024
64,Fibra llama,jun,6.760769720701823,2024
65,Lana ovino,jun,7.122609712943612,2024
66,Ave,jul,7.118220302177479,2024
67,Ovino,jul,5.676135400295612,2024
68,Porcino,jul,7.357320120876205,2024
69,Vacuno,jul,5.922180366392255,2024
70,Caprino,jul,4.83471630644868,2024
71,Alpaca,jul,4.806957142350378,2024
72,Llama,jul,3.8843946800409763,2024
73,Huevo gallina,jul,5.240810543466198,2024
74,Fibra alpaca,jul,14.751759824083118,2024
75,Fibra llama,jul,6.459161147902869,2024
76,Lana ovino,jul,6.860625339181734,2024
77,Ave,ago,7.124355614122168,2024
78,Ovino,ago,5.683095875735205,2024
79,Porcino,ago,7.370781767720653,2024
80,Vacuno,ago,5.936508691648789,2024
81,Caprino,ago,4.8461631527242535,2024
82,Alpaca,ago,4.806152880836561,2024
83,Llama,ago,3.878592565663493,2024
84,Huevo gallina,ago,5.246509557108358,2024
85,Fibra alpaca,ago,14.590593503751391,2024
86,Fibra llama,ago,0,2024
87,Lana ovino,ago,6.797608881509837,2024
88,Ave,set,7.13309473735843,2024
89,Ovino,set,5.676665486990309,2024
90,Porcino,set,7.370731932054298,2024
91,Vacuno,set,5.940393010526735,2024
92,Caprino,set,4.856905636817791,2024
93,Alpaca,set,4.796713727234084,2024
94,Llama,set,3.8794650586125834,2024
95,Huevo gallina,set,5.2498956316459156,2024
96,Fibra alpaca,set,14.044836497014435,2024
97,Fibra llama,set,6.949558384727544,2024
98,Lana ovino,set,6.740925037082932,2024
99,Ave,oct,7.137493637101657,2024
100,Ovino,oct,5.670362617954262,2024
101,Porcino,oct,7.3689427584801965,2024
102,Vacuno,oct,5.947897829532863,2024
103,Caprino,oct,4.855479103286818,2024
104,Alpaca,oct,4.779746861161833,2024
105,Llama,oct,3.850072491983385,2024
106,Huevo gallina,oct,5.254866364030114,2024
107,Fibra alpaca,oct,14.336370790681459,2024
108,Fibra llama,oct,6.971832884611858,2024
109,Lana ovino,oct,6.81705894813813,2024
110,Ave,nov,7.141008951560483,2024
111,Ovino,nov,5.667817742225756,2024
112,Porcino,nov,7.378362730374674,2024
113,Vacuno,nov,5.946119079384279,2024
114,Caprino,nov,4.857287760234929,2024
115,Alpaca,nov,4.7741180508641055,2024
116,Llama,nov,3.838313849438397,2024
117,Huevo gallina,nov,5.2605656753881185,2024
118,Fibra alpaca,nov,14.782667739895011,2024
119,Fibra llama,nov,6.64422713889642,2024
120,Lana ovino,nov,6.817884350222689,2024
121,Ave,dic,7.1466931159245135,2024
122,Ovino,dic,5.671104748091768,2024
123,Porcino,dic,7.421883004333377,2024
124,Vacuno,dic,5.937880311624508,2024
125,Caprino,dic,4.861284380286868,2024
126,Alpaca,dic,4.728066396270768,2024
127,Llama,dic,3.829522328738873,2024
128,Huevo gallina,dic,5.264653406797491,2024
129,Fibra alpaca,dic,14.737920497812263,2024
130,Fibra llama,dic,6.730886004471561,2024
131,Lana ovino,dic,6.920135202130297,2024
132,Ave,ene,6.60993213809844,2023
133,Ovino,ene,5.624776116161797,2023
134,Porcino,ene,7.031397791310832,2023
135,Vacuno,ene,5.8638496570524765,2023
136,Caprino,ene,4.80914001923512,2023
137,Alpaca,ene,4.74846991149833,2023
138,Llama,ene,3.8013971209036144,2023
139,Huevo gallina,ene,5.061381652482636,2023
140,Fibra alpaca,ene,14.921446965761875,2023
141,Fibra llama,ene,6.520058535702903,2023
142,Lana ovino,ene,7.013808456073965,2023
143,Ave,feb,6.904689284551272,2023
144,Ovino,feb,5.634492893495674,2023
145,Porcino,feb,7.086698386290902,2023
146,Vacuno,feb,5.870544197465595,2023
147,Caprino,feb,4.834765388994649,2023
148,Alpaca,feb,4.809608851843874,2023
149,Llama,feb,3.8377807229667047,2023
150,Huevo gallina,feb,5.246794558638356,2023
151,Fibra alpaca,feb,14.810750384724235,2023
152,Fibra llama,feb,6.456253923879186,2023
153,Lana ovino,feb,6.8323007725291065,2023
154,Ave,mar,6.963151164827484,2023
155,Ovino,mar,5.628332786361312,2023
156,Porcino,mar,7.104510854768795,2023
157,Vacuno,mar,5.859116413366271,2023
158,Caprino,mar,4.807318781086971,2023
159,Alpaca,mar,4.813799184552521,2023
160,Llama,mar,3.8347651913550282,2023
161,Huevo gallina,mar,5.284204939516215,2023
162,Fibra alpaca,mar,14.820717206889881,2023
163,Fibra llama,mar,6.444548156445447,2023
164,Lana ovino,mar,6.757649545807114,2023
165,Ave,abr,6.993492335258287,2023
166,Ovino,abr,5.644220598121613,2023
167,Porcino,abr,7.141876745377193,2023
168,Vacuno,abr,5.8536293466457625,2023
169,Caprino,abr,4.802635110139259,2023
170,Alpaca,abr,4.84196654891441,2023
171,Llama,abr,3.8719856474842707,2023
172,Huevo gallina,abr,5.299628543377712,2023
173,Fibra alpaca,abr,13.63023262381819,2023
174,Fibra llama,abr,6.000439351223011,2023
175,Lana ovino,abr,6.856179077548778,2023
176,Ave,may,7.019409157474823,2023
177,Ovino,may,5.659149607832182,2023
178,Porcino,may,7.154577356671005,2023
179,Vacuno,may,5.860176074971631,2023
180,Caprino,may,4.80148834242765,2023
181,Alpaca,may,4.823426186948463,2023
182,Llama,may,3.8510251223193204,2023
183,Huevo gallina,may,5.3288345776163615,2023
184,Fibra alpaca,may,13.846024614470016,2023
185,Fibra llama,may,6.432488964541372,2023
186,Lana ovino,may,6.8543518648496615,2023
187,Ave,jun,7.029817093532695,2023
188,Ovino,jun,5.652548930094374,2023
189,Porcino,jun,7.17640342644515,2023
190,Vacuno,jun,5.855488753530319,2023
191,Caprino,jun,4.805418082324073,2023
192,Alpaca,jun,4.796674278368678,2023
193,Llama,jun,3.8211704854787794,2023
194,Huevo gallina,jun,5.315855249406527,2023
195,Fibra alpaca,jun,14.146961906059527,2023
196,Fibra llama,jun,7.125799460486596,2023
197,Lana ovino,jun,7.071301156576325,2023
198,Ave,jul,7.05094550822727,2023
199,Ovino,jul,5.65237016246931,2023
200,Porcino,jul,7.236634066222461,2023
201,Vacuno,jul,5.853035861144839,2023
202,Caprino,jul,4.807673143993715,2023
203,Alpaca,jul,4.789705700558592,2023
204,Llama,jul,3.7964557000617964,2023
205,Huevo gallina,jul,5.319471961012963,2023
206,Fibra alpaca,jul,14.809992035069065,2023
207,Fibra llama,jul,7.196467991169978,2023
208,Lana ovino,jul,7.100592578577369,2023
209,Ave,ago,7.05492525085523,2023
210,Ovino,ago,5.655711029847758,2023
211,Porcino,ago,7.2412085753054125,2023
212,Vacuno,ago,5.862189794436035,2023
213,Caprino,ago,4.813362661254634,2023
214,Alpaca,ago,4.785991987607057,2023
215,Llama,ago,3.786660647391957,2023
216,Huevo gallina,ago,5.326069816834681,2023
217,Fibra alpaca,ago,14.654149269195798,2023
218,Fibra llama,ago,0,2023
219,Lana ovino,ago,7.0053183055952175,2023
220,Ave,set,7.057804121018796,2023
221,Ovino,set,5.64849159849091,2023
222,Porcino,set,7.241979434471535,2023
223,Vacuno,set,5.866672041902496,2023
224,Caprino,set,4.816524862919316,2023
225,Alpaca,set,4.763191121694534,2023
226,Llama,set,3.779673171809911,2023
227,Huevo gallina,set,5.323016258330868,2023
228,Fibra alpaca,set,13.101276771721412,2023
229,Fibra llama,set,6.896207197123528,2023
230,Lana ovino,set,7.015881065974171,2023
231,Ave,oct,7.059021545033011,2023
232,Ovino,oct,5.64036487101999,2023
233,Porcino,oct,7.248600548142003,2023
234,Vacuno,oct,5.869993052085748,2023
235,Caprino,oct,4.809954264477418,2023
236,Alpaca,oct,4.745720926032328,2023
237,Llama,oct,3.751474221743357,2023
238,Huevo gallina,oct,5.322097511604261,2023
239,Fibra alpaca,oct,14.306932242348164,2023
240,Fibra llama,oct,6.867271632983565,2023
241,Lana ovino,oct,7.050321496125666,2023
242,Ave,nov,7.060362187898118,2023
243,Ovino,nov,5.627672908761786,2023
244,Porcino,nov,7.2547963340899715,2023
245,Vacuno,nov,5.856946661926538,2023
246,Caprino,nov,4.8091431464137155,2023
247,Alpaca,nov,4.734250054765389,2023
248,Llama,nov,3.728231585731029,2023
249,Huevo gallina,nov,5.335239657875592,2023
250,Fibra alpaca,nov,14.75231453725599,2023
251,Fibra llama,nov,6.575505665486166,2023
252,Lana ovino,nov,6.6874169108221455,2023
253,Ave,dic,7.088641067453632,2023
254,Ovino,dic,5.634583642180016,2023
255,Porcino,dic,7.3057029606914785,2023
256,Vacuno,dic,5.847159351005979,2023
257,Caprino,dic,4.815034348480626,2023
258,Alpaca,dic,4.677039814017332,2023
259,Llama,dic,3.722106527059839,2023
260,Huevo gallina,dic,5.3433873444899405,2023
261,Fibra alpaca,dic,14.751132453502086,2023
262,Fibra llama,dic,6.781307869714573,2023
263,Lana ovino,dic,6.862219529334941,2023
264,Ave,ene,6.002178819947545,2022
265,Ovino,ene,5.598040818528935,2022
266,Porcino,ene,7.006497400252624,2022
267,Vacuno,ene,5.8872542860068,2022
268,Caprino,ene,4.816197081717639,2022
269,Alpaca,ene,4.771103513209578,2022
270,Llama,ene,3.862595208881397,2022
271,Huevo Gallina,ene,4.205122456074617,2022
272,Fibra Alpaca,ene,14.89727060553254,2022
273,Fibra Llama,ene,6.650579045435303,2022
274,Lana Ovino,ene,6.910187414654933,2022
275,Ave,feb,6.006151175425492,2022
276,Ovino,feb,5.585942384515723,2022
277,Porcino,feb,6.9757612801304285,2022
278,Vacuno,feb,5.887109859052557,2022
279,Caprino,feb,4.82097347475779,2022
280,Alpaca,feb,4.823534813604537,2022
281,Llama,feb,3.898112557456911,2022
282,Huevo Gallina,feb,4.274205247162117,2022
283,Fibra Alpaca,feb,14.776391624793199,2022
284,Fibra Llama,feb,6.342696441392295,2022
285,Lana Ovino,feb,6.78457683363308,2022
286,Ave,mar,6.134781807147278,2022
287,Ovino,mar,5.600449319939365,2022
288,Porcino,mar,6.987211065607103,2022
289,Vacuno,mar,5.8970411942929415,2022
290,Caprino,mar,4.816912718606523,2022
291,Alpaca,mar,4.844118693363169,2022
292,Llama,mar,3.8958538960964684,2022
293,Huevo Gallina,mar,4.327230304585079,2022
294,Fibra Alpaca,mar,14.795882005423469,2022
295,Fibra Llama,mar,6.406398866257927,2022
296,Lana Ovino,mar,6.782778997514792,2022
297,Ave,abr,6.088438541265898,2022
298,Ovino,abr,5.610448033783842,2022
299,Porcino,abr,7.012825989056202,2022
300,Vacuno,abr,5.9096040585084415,2022
301,Caprino,abr,4.797407104314954,2022
302,Alpaca,abr,4.8988963882314245,2022
303,Llama,abr,3.9351418790530337,2022
304,Huevo Gallina,abr,4.405225783911623,2022
305,Fibra Alpaca,abr,13.371014340149417,2022
306,Fibra Llama,abr,5.990003207757228,2022
307,Lana Ovino,abr,6.993046919578813,2022
308,Ave,may,6.121892224499394,2022
309,Ovino,may,5.618296119933009,2022
310,Porcino,may,7.021690570461138,2022
311,Vacuno,may,5.921102900194336,2022
312,Caprino,may,4.794661381062408,2022
313,Alpaca,may,4.879999242355496,2022
314,Llama,may,3.9146752342735778,2022
315,Huevo Gallina,may,4.419648161121186,2022
316,Fibra Alpaca,may,13.491360227627151,2022
317,Fibra Llama,may,6.335026521875993,2022
318,Lana Ovino,may,7.625016430118342,2022
319,Ave,jun,6.193253982632919,2022
320,Ovino,jun,5.608409739084831,2022
321,Porcino,jun,7.008498460185397,2022
322,Vacuno,jun,5.915530423762896,2022
323,Caprino,jun,4.8088737299599655,2022
324,Alpaca,jun,4.880658500114957,2022
325,Llama,jun,3.898982505985561,2022
326,Huevo Gallina,jun,4.852808044663895,2022
327,Fibra Alpaca,jun,13.774789385982908,2022
328,Fibra Llama,jun,6.699734393825787,2022
329,Lana Ovino,jun,7.609860750321067,2022
330,Ave,jul,6.259683137599192,2022
331,Ovino,jul,5.618950866753095,2022
332,Porcino,jul,7.020822826698099,2022
333,Vacuno,jul,5.9328641747125515,2022
334,Caprino,jul,4.81092630626191,2022
335,Alpaca,jul,4.875102693486485,2022
336,Llama,jul,3.8719588838430106,2022
337,Huevo Gallina,jul,4.824618125108204,2022
338,Fibra Alpaca,jul,13.55206973974516,2022
339,Fibra Llama,jul,6.339955849889624,2022
340,Lana Ovino,jul,7.48419629450285,2022
341,Ave,ago,6.74629816588107,2022
342,Ovino,ago,5.61341377836477,2022
343,Porcino,ago,7.066254273800638,2022
344,Vacuno,ago,5.92131690617403,2022
345,Caprino,ago,4.808119288117959,2022
346,Alpaca,ago,4.862916333219396,2022
347,Llama,ago,3.8432288160715355,2022
348,Huevo Gallina,ago,4.8032507779,2022
349,Fibra Alpaca,ago,13.755351006656795,2022
350,Fibra Llama,ago,0,2022
351,Lana Ovino,ago,7.216864701627934,2022
352,Ave,set,6.577886533953676,2022
353,Ovino,set,5.60277914872599,2022
354,Porcino,set,7.08270523012321,2022
355,Vacuno,set,5.929191122405973,2022
356,Caprino,set,4.804038847903517,2022
357,Alpaca,set,4.844617112221101,2022
358,Llama,set,3.8341183280099984,2022
359,Huevo Gallina,set,4.806401738972983,2022
360,Fibra Alpaca,set,14.087221176490342,2022
361,Fibra Llama,set,6.854634379993559,2022
362,Lana Ovino,set,7.184647107845521,2022
363,Ave,oct,6.5660341317643445,2022
364,Ovino,oct,5.595680298702925,2022
365,Porcino,oct,7.093173813273753,2022
366,Vacuno,oct,5.937504526832815,2022
367,Caprino,oct,4.799722884687469,2022
368,Alpaca,oct,4.829313392493866,2022
369,Llama,oct,3.8086892541722697,2022
370,Huevo Gallina,oct,4.824512852232313,2022
371,Fibra Alpaca,oct,14.41543816702517,2022
372,Fibra Llama,oct,6.914983669609601,2022
373,Lana Ovino,oct,7.061516935341894,2022
374,Ave,nov,6.607379285403428,2022
375,Ovino,nov,5.5955220388897935,2022
376,Porcino,nov,7.130174275835339,2022
377,Vacuno,nov,5.947229309597906,2022
378,Caprino,nov,4.808587300803957,2022
379,Alpaca,nov,4.8018118232770055,2022
380,Llama,nov,3.7750392611737476,2022
381,Huevo Gallina,nov,4.8306471943428635,2022
382,Fibra Alpaca,nov,14.76828067328943,2022
383,Fibra Llama,nov,6.400679059049606,2022
384,Lana Ovino,nov,6.646092135801768,2022
385,Ave,dic,6.631809529139951,2022
386,Ovino,dic,5.606723969990879,2022
387,Porcino,dic,7.165552092679238,2022
388,Vacuno,dic,5.952315656579015,2022
389,Caprino,dic,4.831129565859051,2022
390,Alpaca,dic,4.723115262827635,2022
391,Llama,dic,3.776624854002262,2022
392,Huevo Gallina,dic,4.843914368017197,2022
393,Fibra Alpaca,dic,14.75077797100639,2022
394,Fibra Llama,dic,6.592219366516768,2022
395,Lana Ovino,dic,6.8050617218205955,2022
396,Ave,ene,5.662531793293885,2021
397,Ovino,ene,5.559281737087239,2021
398,Porcino,ene,6.911475982352969,2021
399,Vacuno,ene,5.780272189001491,2021
400,Caprino,ene,4.786638197948999,2021
401,Alpaca,ene,4.87852590107389,2021
402,Llama,ene,4.02220224960714,2021
403,Huevo Gallina,ene,3.863907043901164,2021
404,Fibra Alpaca,ene,14.544803925209326,2021
405,Fibra Llama,ene,6.672622323074729,2021
406,Lana Ovino,ene,6.866804252996555,2021
407,Ave,feb,5.201756933888854,2021
408,Ovino,feb,5.559166951621751,2021
409,Porcino,feb,6.909193763976823,2021
410,Vacuno,feb,5.799264396281568,2021
411,Caprino,feb,4.78705093589908,2021
412,Alpaca,feb,4.928875848204908,2021
413,Llama,feb,4.0269201705043045,2021
414,Huevo Gallina,feb,4.290395216504501,2021
415,Fibra Alpaca,feb,14.189669545416518,2021
416,Fibra Llama,feb,6.330390251326413,2021
417,Lana Ovino,feb,6.75508072075734,2021
418,Ave,mar,5.507945628765269,2021
419,Ovino,mar,5.5806844696442734,2021
420,Porcino,mar,6.924688365184515,2021
421,Vacuno,mar,5.795141161605017,2021
422,Caprino,mar,4.760636015773286,2021
423,Alpaca,mar,4.93292619866268,2021
424,Llama,mar,4.018540496946277,2021
425,Huevo Gallina,mar,4.2500784037470645,2021
426,Fibra Alpaca,mar,14.218449302116419,2021
427,Fibra Llama,mar,6.292720700208505,2021
428,Lana Ovino,mar,6.7129765975665885,2021
429,Ave,abr,5.211861434253055,2021
430,Ovino,abr,5.593281686703152,2021
431,Porcino,abr,6.927536217171223,2021
432,Vacuno,abr,5.786119802443394,2021
433,Caprino,abr,4.763628614150311,2021
434,Alpaca,abr,4.988281766187472,2021
435,Llama,abr,4.062403856039249,2021
436,Huevo Gallina,abr,4.270979985987515,2021
437,Fibra Alpaca,abr,13.005244526501713,2021
438,Fibra Llama,abr,5.661032660658366,2021
439,Lana Ovino,abr,6.8024820009227325,2021
440,Ave,may,5.658087391166683,2021
441,Ovino,may,5.583019080943618,2021
442,Porcino,may,6.904706869725576,2021
443,Vacuno,may,5.776848949254989,2021
444,Caprino,may,4.745388313122408,2021
445,Alpaca,may,4.927898633445428,2021
446,Llama,may,4.024936939454621,2021
447,Huevo Gallina,may,4.404337007902097,2021
448,Fibra Alpaca,may,13.320826791399739,2021
449,Fibra Llama,may,6.447806619963171,2021
450,Lana Ovino,may,7.520846959828954,2021
451,Ave,jun,5.855140232938903,2021
452,Ovino,jun,5.599827459953932,2021
453,Porcino,jun,6.8998366044196455,2021
454,Vacuno,jun,5.789787294855372,2021
455,Caprino,jun,4.774660634190579,2021
456,Alpaca,jun,4.9228208987705155,2021
457,Llama,jun,4.004634780915318,2021
458,Huevo Gallina,jun,4.464235841208153,2021
459,Fibra Alpaca,jun,13.696021511105608,2021
460,Fibra Llama,jun,6.626255402293846,2021
461,Lana Ovino,jun,7.579273956851496,2021
462,Ave,jul,6.064220453866677,2021
463,Ovino,jul,5.586396285679121,2021
464,Porcino,jul,6.940841613962079,2021
465,Vacuno,jul,5.811151788805814,2021
466,Caprino,jul,4.784223183317227,2021
467,Alpaca,jul,4.900256711608054,2021
468,Llama,jul,3.969141919301714,2021
469,Huevo Gallina,jul,4.445276075993143,2021
470,Fibra Alpaca,jul,13.299658311580739,2021
471,Fibra Llama,jul,6.388520971302429,2021
472,Lana Ovino,jul,7.41542104379792,2021
473,Ave,ago,6.136804101976127,2021
474,Ovino,ago,5.602626972699441,2021
475,Porcino,ago,6.960304917297383,2021
476,Vacuno,ago,5.823939687026525,2021
477,Caprino,ago,4.796996764611602,2021
478,Alpaca,ago,4.865244784504035,2021
479,Llama,ago,3.9419221739816366,2021
480,Huevo Gallina,ago,4.422566396878309,2021
481,Fibra Alpaca,ago,13.378371897580823,2021
482,Fibra Llama,ago,0,2021
483,Lana Ovino,ago,6.92335174261487,2021
484,Ave,set,6.15395536744978,2021
485,Ovino,set,5.595872529101748,2021
486,Porcino,set,6.982281392627215,2021
487,Vacuno,set,5.832733827546118,2021
488,Caprino,set,4.816180105894389,2021
489,Alpaca,set,4.8290924005264415,2021
490,Llama,set,3.91741544410408,2021
491,Huevo Gallina,set,4.375996644427106,2021
492,Fibra Alpaca,set,13.4787332804112,2021
493,Fibra Llama,set,6.922737306843267,2021
494,Lana Ovino,set,7.3020436096957635,2021
495,Ave,oct,6.181511298025743,2021
496,Ovino,oct,5.586983076010547,2021
497,Porcino,oct,7.001768684710332,2021
498,Vacuno,oct,5.849388997901646,2021
499,Caprino,oct,4.812190181044439,2021
500,Alpaca,oct,4.807508612292133,2021
501,Llama,oct,3.878671191299566,2021
502,Huevo Gallina,oct,4.2159895053517555,2021
503,Fibra Alpaca,oct,14.105174336767508,2021
504,Fibra Llama,oct,7.095095904995308,2021
505,Lana Ovino,oct,7.3449560993468666,2021
506,Ave,nov,6.231101196880324,2021
507,Ovino,nov,5.5742318103283575,2021
508,Porcino,nov,7.01379320805732,2021
509,Vacuno,nov,5.853057364648907,2021
510,Caprino,nov,4.805022701215379,2021
511,Alpaca,nov,4.779881721471181,2021
512,Llama,nov,3.842224925864019,2021
513,Huevo Gallina,nov,4.19779010189651,2021
514,Fibra Alpaca,nov,14.65937128145533,2021
515,Fibra Llama,nov,6.409685093435993,2021
516,Lana Ovino,nov,6.632454145463459,2021
517,Ave,dic,6.239320367115293,2021
518,Ovino,dic,5.575968085907439,2021
519,Porcino,dic,7.0553767628868815,2021
520,Vacuno,dic,5.863285992830851,2021
521,Caprino,dic,4.816733323222989,2021
522,Alpaca,dic,4.699756751907888,2021
523,Llama,dic,3.8427780684267496,2021
524,Huevo Gallina,dic,4.217770844786243,2021
525,Fibra Alpaca,dic,14.561565555919586,2021
526,Fibra Llama,dic,6.493963077698821,2021
527,Lana Ovino,dic,6.780483210228673,2021
528,Ave,ene,4.69,2020
529,Ovino,ene,5.57,2020
530,Porcino,ene,6.91,2020
531,Vacuno,ene,5.65,2020
532,Caprino,ene,4.81,2020
533,Alpaca,ene,4.91,2020
534,Llama,ene,4.27,2020
535,Huevo Gallina,ene,4.06,2020
536,Fibra Alpaca,ene,14.7,2020
537,Fibra Llama,ene,6.6,2020
538,Lana Ovino,ene,6.7,2020
539,Ave,feb,4.66,2020
540,Ovino,feb,5.59,2020
541,Porcino,feb,6.9,2020
542,Vacuno,feb,5.67,2020
543,Caprino,feb,4.81,2020
544,Alpaca,feb,4.97,2020
545,Llama,feb,4.3,2020
546,Huevo Gallina,feb,4.08,2020
547,Fibra Alpaca,feb,14.59,2020
548,Fibra Llama,feb,6.88,2020
549,Lana Ovino,feb,6.95,2020
550,Ave,mar,4.69,2020
551,Ovino,mar,5.61,2020
552,Porcino,mar,6.91,2020
553,Vacuno,mar,5.68,2020
554,Caprino,mar,4.81,2020
555,Alpaca,mar,4.98,2020
556,Llama,mar,4.29,2020
557,Huevo Gallina,mar,4.1,2020
558,Fibra Alpaca,mar,14.55,2020
559,Fibra Llama,mar,7.02,2020
560,Lana Ovino,mar,6.94,2020
561,Ave,abr,4.68,2020
562,Ovino,abr,5.64,2020
563,Porcino,abr,6.93,2020
564,Vacuno,abr,5.69,2020
565,Caprino,abr,4.8,2020
566,Alpaca,abr,5.02,2020
567,Llama,abr,4.33,2020
568,Huevo Gallina,abr,4.12,2020
569,Fibra Alpaca,abr,13.41,2020
570,Fibra Llama,abr,5.91,2020
571,Lana Ovino,abr,6.68,2020
572,Ave,may,4.71,2020
573,Ovino,may,5.64,2020
574,Porcino,may,6.94,2020
575,Vacuno,may,5.69,2020
576,Caprino,may,4.81,2020
577,Alpaca,may,4.98,2020
578,Llama,may,4.31,2020
579,Huevo Gallina,may,4.15,2020
580,Fibra Alpaca,may,14.37,2020
581,Fibra Llama,may,5.84,2020
582,Lana Ovino,may,7.21,2020
583,Ave,jun,4.68,2020
584,Ovino,jun,5.62,2020
585,Porcino,jun,6.93,2020
586,Vacuno,jun,5.69,2020
587,Caprino,jun,4.8,2020
588,Alpaca,jun,4.96,2020
589,Llama,jun,4.29,2020
590,Huevo Gallina,jun,4.17,2020
591,Fibra Alpaca,jun,15.39,2020
592,Fibra Llama,jun,5.82,2020
593,Lana Ovino,jun,7.25,2020
594,Ave,jul,4.66,2020
595,Ovino,jul,5.61,2020
596,Porcino,jul,6.95,2020
597,Vacuno,jul,5.69,2020
598,Caprino,jul,4.81,2020
599,Alpaca,jul,4.95,2020
600,Llama,jul,4.26,2020
601,Huevo Gallina,jul,4.21,2020
602,Fibra Alpaca,jul,13.77,2020
603,Fibra Llama,jul,6.25,2020
604,Lana Ovino,jul,7.33,2020
605,Ave,ago,4.62,2020
606,Ovino,ago,5.6,2020
607,Porcino,ago,6.96,2020
608,Vacuno,ago,5.69,2020
609,Caprino,ago,4.81,2020
610,Alpaca,ago,4.92,2020
611,Llama,ago,4.25,2020
612,Huevo Gallina,ago,4.19,2020
613,Fibra Alpaca,ago,13.43,2020
614,Fibra Llama,ago,0,2020
615,Lana Ovino,ago,7.32,2020
616,Ave,set,4.6,2020
617,Ovino,set,5.58,2020
618,Porcino,set,6.96,2020
619,Vacuno,set,5.68,2020
620,Caprino,set,4.82,2020
621,Alpaca,set,4.89,2020
622,Llama,set,4.25,2020
623,Huevo Gallina,set,4.17,2020
624,Fibra Alpaca,set,14.21,2020
625,Fibra Llama,set,7.06,2020
626,Lana Ovino,set,7.2,2020
627,Ave,oct,4.6,2020
628,Ovino,oct,5.57,2020
629,Porcino,oct,6.97,2020
630,Vacuno,oct,5.69,2020
631,Caprino,oct,4.82,2020
632,Alpaca,oct,4.89,2020
633,Llama,oct,4.22,2020
634,Huevo Gallina,oct,4.16,2020
635,Fibra Alpaca,oct,15.06,2020
636,Fibra Llama,oct,5.94,2020
637,Lana Ovino,oct,7.15,2020
638,Ave,nov,4.61,2020
639,Ovino,nov,5.57,2020
640,Porcino,nov,6.98,2020
641,Vacuno,nov,5.68,2020
642,Caprino,nov,4.82,2020
643,Alpaca,nov,4.87,2020
644,Llama,nov,4.21,2020
645,Huevo Gallina,nov,4.15,2020
646,Fibra Alpaca,nov,14.73,2020
647,Fibra Llama,nov,7.07,2020
648,Lana Ovino,nov,6.71,2020
649,Ave,dic,4.66,2020
650,Ovino,dic,5.56,2020
651,Porcino,dic,7.03,2020
652,Vacuno,dic,5.69,2020
653,Caprino,dic,4.84,2020
654,Alpaca,dic,4.8,2020
655,Llama,dic,4.22,2020
656,Huevo Gallina,dic,4.13,2020
657,Fibra Alpaca,dic,14.5,2020
658,Fibra Llama,dic,7.05,2020
659,Lana Ovino,dic,6.79,2020
660,Ave,ene,4.69,2019
661,Ovino,ene,5.57,2019
662,Porcino,ene,6.91,2019
663,Vacuno,ene,5.65,2019
664,Caprino,ene,4.81,2019
665,Alpaca,ene,4.91,2019
666,Llama,ene,4.27,2019
667,Huevo Gallina,ene,4.06,2019
668,Fibra Alpaca,ene,14.7,2019
669,Fibra Llama,ene,6.6,2019
670,Lana Ovino,ene,6.7,2019
671,Ave,feb,4.66,2019
672,Ovino,feb,5.59,2019
673,Porcino,feb,6.9,2019
674,Vacuno,feb,5.67,2019
675,Caprino,feb,4.81,2019
676,Alpaca,feb,4.97,2019
677,Llama,feb,4.3,2019
678,Huevo Gallina,feb,4.08,2019
679,Fibra Alpaca,feb,14.59,2019
680,Fibra Llama,feb,6.88,2019
681,Lana Ovino,feb,6.95,2019
682,Ave,mar,4.69,2019
683,Ovino,mar,5.61,2019
684,Porcino,mar,6.91,2019
685,Vacuno,mar,5.68,2019
686,Caprino,mar,4.81,2019
687,Alpaca,mar,4.98,2019
688,Llama,mar,4.29,2019
689,Huevo Gallina,mar,4.1,2019
690,Fibra Alpaca,mar,14.55,2019
691,Fibra Llama,mar,7.02,2019
692,Lana Ovino,mar,6.94,2019
693,Ave,abr,4.68,2019
694,Ovino,abr,5.64,2019
695,Porcino,abr,6.93,2019
696,Vacuno,abr,5.69,2019
697,Caprino,abr,4.8,2019
698,Alpaca,abr,5.02,2019
699,Llama,abr,4.33,2019
700,Huevo Gallina,abr,4.12,2019
701,Fibra Alpaca,abr,13.41,2019
702,Fibra Llama,abr,5.91,2019
703,Lana Ovino,abr,6.68,2019
704,Ave,may,4.71,2019
705,Ovino,may,5.64,2019
706,Porcino,may,6.94,2019
707,Vacuno,may,5.69,2019
708,Caprino,may,4.81,2019
709,Alpaca,may,4.98,2019
710,Llama,may,4.31,2019
711,Huevo Gallina,may,4.15,2019
712,Fibra Alpaca,may,14.37,2019
713,Fibra Llama,may,5.84,2019
714,Lana Ovino,may,7.21,2019
715,Ave,jun,4.68,2019
716,Ovino,jun,5.62,2019
717,Porcino,jun,6.93,2019
718,Vacuno,jun,5.69,2019
719,Caprino,jun,4.8,2019
720,Alpaca,jun,4.96,2019
721,Llama,jun,4.29,2019
722,Huevo Gallina,jun,4.17,2019
723,Fibra Alpaca,jun,15.39,2019
724,Fibra Llama,jun,5.82,2019
725,Lana Ovino,jun,7.25,2019
726,Ave,jul,4.66,2019
727,Ovino,jul,5.61,2019
728,Porcino,jul,6.95,2019
729,Vacuno,jul,5.69,2019
730,Caprino,jul,4.81,2019
731,Alpaca,jul,4.95,2019
732,Llama,jul,4.26,2019
733,Huevo Gallina,jul,4.21,2019
734,Fibra Alpaca,jul,13.77,2019
735,Fibra Llama,jul,6.25,2019
736,Lana Ovino,jul,7.33,2019
737,Ave,ago,4.62,2019
738,Ovino,ago,5.6,2019
739,Porcino,ago,6.96,2019
740,Vacuno,ago,5.69,2019
741,Caprino,ago,4.81,2019
742,Alpaca,ago,4.92,2019
743,Llama,ago,4.25,2019
744,Huevo Gallina,ago,4.19,2019
745,Fibra Alpaca,ago,13.43,2019
746,Fibra Llama,ago,0,2019
747,Lana Ovino,ago,7.32,2019
748,Ave,set,4.6,2019
749,Ovino,set,5.58,2019
750,Porcino,set,6.96,2019
751,Vacuno,set,5.68,2019
752,Caprino,set,4.82,2019
753,Alpaca,set,4.89,2019
754,Llama,set,4.25,2019
755,Huevo Gallina,set,4.17,2019
756,Fibra Alpaca,set,14.21,2019
757,Fibra Llama,set,7.06,2019
758,Lana Ovino,set,7.2,2019
759,Ave,oct,4.6,2019
760,Ovino,oct,5.57,2019
761,Porcino,oct,6.97,2019
762,Vacuno,oct,5.69,2019
763,Caprino,oct,4.82,2019
764,Alpaca,oct,4.89,2019
765,Llama,oct,4.22,2019
766,Huevo Gallina,oct,4.16,2019
767,Fibra Alpaca,oct,15.06,2019
768,Fibra Llama,oct,5.94,2019
769,Lana Ovino,oct,7.15,2019
770,Ave,nov,4.61,2019
771,Ovino,nov,5.57,2019
772,Porcino,nov,6.98,2019
773,Vacuno,nov,5.68,2019
774,Caprino,nov,4.82,2019
775,Alpaca,nov,4.87,2019
776,Llama,nov,4.21,2019
777,Huevo Gallina,nov,4.15,2019
778,Fibra Alpaca,nov,14.73,2019
779,Fibra Llama,nov,7.07,2019
780,Lana Ovino,nov,6.71,2019
781,Ave,dic,4.66,2019
782,Ovino,dic,5.56,2019
783,Porcino,dic,7.03,2019
784,Vacuno,dic,5.69,2019
785,Caprino,dic,4.84,2019
786,Alpaca,dic,4.8,2019
787,Llama,dic,4.22,2019
788,Huevo Gallina,dic,4.13,2019
789,Fibra Alpaca,dic,14.5,2019
790,Fibra Llama,dic,7.05,2019
791,Lana Ovino,dic,6.79,2019
